-- phpMyAdmin SQL Dump
-- version 4.9.0.1
-- https://www.phpmyadmin.net/
--
-- Host: 127.0.0.1
-- Generation Time: Oct 27, 2023 at 02:51 AM
-- Server version: 10.4.6-MariaDB
-- PHP Version: 7.3.9

SET SQL_MODE = "NO_AUTO_VALUE_ON_ZERO";
SET AUTOCOMMIT = 0;
START TRANSACTION;
SET time_zone = "+00:00";


/*!40101 SET @OLD_CHARACTER_SET_CLIENT=@@CHARACTER_SET_CLIENT */;
/*!40101 SET @OLD_CHARACTER_SET_RESULTS=@@CHARACTER_SET_RESULTS */;
/*!40101 SET @OLD_COLLATION_CONNECTION=@@COLLATION_CONNECTION */;
/*!40101 SET NAMES utf8mb4 */;

--
-- Database: `syahdan-putra`
--

-- --------------------------------------------------------

--
-- Table structure for table `beras`
--

CREATE TABLE `beras` (
  `id_beras` int(11) NOT NULL,
  `id_padi` int(11) NOT NULL,
  `nama_beras` varchar(50) NOT NULL,
  `jenis_beras` varchar(50) NOT NULL,
  `harga_beras` varchar(15) NOT NULL,
  `stok_beras` int(11) NOT NULL
) ENGINE=InnoDB DEFAULT CHARSET=latin1;

--
-- Dumping data for table `beras`
--

INSERT INTO `beras` (`id_beras`, `id_padi`, `nama_beras`, `jenis_beras`, `harga_beras`, `stok_beras`) VALUES
(1, 1, 'Beras Pandanwangi', 'Padi Pandawangi', '10000', 10000),
(2, 2, 'Beras Inpari', 'Padi Inpari', '11000', 10000),
(3, 3, 'Beras IR 64', 'IR 64', '12500', 10000),
(4, 4, 'Beras Ciherang', 'Ciherang', '11000', 10000);

-- --------------------------------------------------------

--
-- Table structure for table `detail_pesan`
--

CREATE TABLE `detail_pesan` (
  `id_detail_pesan` int(11) NOT NULL,
  `id_pesan` int(11) NOT NULL,
  `id_padi` int(11) NOT NULL,
  `kg_padi` int(11) NOT NULL,
  `stok_padi` int(11) NOT NULL
) ENGINE=InnoDB DEFAULT CHARSET=latin1;

--
-- Dumping data for table `detail_pesan`
--

INSERT INTO `detail_pesan` (`id_detail_pesan`, `id_pesan`, `id_padi`, `kg_padi`, `stok_padi`) VALUES
(1, 1, 2, 60, 60),
(2, 2, 3, 52, 52),
(3, 3, 1, 41, 41),
(4, 4, 4, 41, 41),
(5, 5, 1, 45, 45),
(6, 6, 2, 13, 13),
(7, 7, 3, 24, 24),
(8, 8, 1, 21, 21),
(9, 9, 4, 53, 53),
(10, 10, 2, 95, 95),
(11, 11, 4, 80, 80),
(12, 12, 2, 63, 63),
(13, 13, 1, 16, 16),
(14, 14, 3, 46, 46),
(15, 15, 1, 78, 78),
(16, 16, 4, 32, 32),
(17, 17, 2, 29, 29),
(18, 18, 4, 80, 80),
(19, 19, 1, 69, 69),
(20, 20, 3, 79, 79),
(21, 21, 1, 88, 88),
(22, 22, 4, 68, 68),
(23, 23, 4, 31, 31),
(24, 24, 2, 59, 59),
(25, 25, 1, 50, 50),
(26, 26, 4, 76, 76),
(27, 27, 2, 88, 88),
(28, 28, 1, 56, 56),
(29, 29, 3, 72, 72),
(30, 30, 1, 14, 14),
(31, 31, 2, 91, 91),
(32, 32, 3, 34, 34),
(33, 33, 2, 56, 56),
(34, 34, 4, 100, 100),
(35, 35, 1, 68, 68),
(36, 36, 2, 24, 24),
(37, 37, 4, 28, 28),
(38, 38, 1, 64, 64),
(39, 39, 1, 83, 83),
(40, 40, 2, 39, 39),
(41, 41, 2, 16, 16),
(42, 42, 3, 19, 19),
(43, 43, 4, 100, 100),
(44, 44, 3, 17, 17),
(45, 45, 4, 61, 61),
(46, 46, 3, 43, 43),
(47, 47, 4, 11, 11),
(48, 48, 2, 12, 12),
(49, 49, 4, 94, 94),
(50, 50, 4, 42, 42),
(51, 51, 2, 78, 78),
(52, 52, 1, 50, 50),
(53, 53, 4, 22, 22),
(54, 54, 4, 18, 18),
(55, 55, 4, 26, 26),
(56, 56, 3, 58, 58),
(57, 57, 4, 53, 53),
(58, 58, 1, 93, 93),
(59, 59, 2, 69, 69),
(60, 60, 4, 100, 100),
(61, 61, 1, 20, 20),
(62, 62, 4, 47, 47),
(63, 63, 4, 54, 54),
(64, 64, 4, 59, 59),
(65, 65, 4, 58, 58),
(66, 66, 1, 25, 25),
(67, 67, 4, 56, 56),
(68, 68, 4, 57, 57),
(69, 69, 1, 27, 27),
(70, 70, 4, 65, 65),
(71, 71, 3, 41, 41),
(72, 72, 2, 52, 52),
(73, 73, 3, 67, 67),
(74, 74, 4, 21, 21),
(75, 75, 1, 64, 64),
(76, 76, 4, 86, 86),
(77, 77, 3, 16, 16),
(78, 78, 2, 13, 13),
(79, 79, 4, 97, 97),
(80, 80, 2, 19, 19),
(81, 81, 3, 24, 24),
(82, 82, 4, 39, 39),
(83, 83, 4, 13, 13),
(84, 84, 3, 52, 52),
(85, 85, 1, 31, 31),
(86, 86, 1, 50, 50),
(87, 87, 4, 77, 77),
(88, 88, 4, 31, 31),
(89, 89, 4, 98, 98),
(90, 90, 3, 55, 55),
(91, 91, 4, 22, 22),
(92, 92, 2, 98, 98),
(93, 93, 4, 84, 84),
(94, 94, 2, 90, 90),
(95, 95, 2, 49, 49),
(96, 96, 4, 83, 83),
(97, 97, 2, 19, 19),
(98, 98, 2, 34, 34),
(99, 99, 1, 47, 47),
(100, 100, 4, 87, 87),
(101, 101, 1, 54, 54),
(102, 102, 3, 11, 11),
(103, 103, 3, 63, 63),
(104, 104, 1, 81, 81),
(105, 105, 4, 56, 56),
(106, 106, 4, 68, 68),
(107, 107, 2, 72, 72),
(108, 108, 2, 33, 33),
(109, 109, 3, 91, 91),
(110, 110, 3, 62, 62),
(111, 111, 3, 65, 65),
(112, 112, 1, 33, 33),
(113, 113, 4, 72, 72),
(114, 114, 4, 80, 80),
(115, 115, 2, 37, 37),
(116, 116, 2, 72, 72),
(117, 117, 2, 48, 48),
(118, 118, 2, 61, 61),
(119, 119, 4, 19, 19),
(120, 120, 3, 82, 82),
(121, 121, 1, 96, 96),
(122, 122, 4, 64, 64),
(123, 123, 2, 34, 34),
(124, 124, 3, 96, 96),
(125, 125, 2, 71, 71),
(126, 126, 4, 68, 68),
(127, 127, 1, 78, 78),
(128, 128, 1, 18, 18),
(129, 129, 1, 24, 24),
(130, 130, 3, 12, 12),
(131, 131, 1, 48, 48),
(132, 132, 4, 22, 22),
(133, 133, 2, 93, 93),
(134, 134, 1, 63, 63),
(135, 135, 4, 27, 27),
(136, 136, 3, 15, 15),
(137, 137, 3, 61, 61),
(138, 138, 4, 97, 97),
(139, 139, 1, 16, 16),
(140, 140, 4, 81, 81),
(141, 141, 3, 39, 39),
(142, 142, 1, 66, 66),
(143, 143, 1, 39, 39),
(144, 144, 1, 20, 20),
(145, 145, 2, 90, 90),
(146, 146, 2, 57, 57),
(147, 147, 1, 37, 37),
(148, 148, 2, 83, 83),
(149, 149, 1, 97, 97),
(150, 150, 4, 39, 39),
(151, 151, 2, 89, 89),
(152, 152, 1, 25, 25),
(153, 153, 3, 97, 97),
(154, 154, 2, 58, 58),
(155, 155, 4, 30, 30),
(156, 156, 1, 12, 12),
(157, 157, 1, 70, 70),
(158, 158, 2, 43, 43),
(159, 159, 1, 82, 82),
(160, 160, 3, 26, 26),
(161, 161, 1, 24, 24),
(162, 162, 1, 48, 48),
(163, 163, 1, 87, 87),
(164, 164, 1, 84, 84),
(165, 165, 3, 52, 52),
(166, 166, 2, 68, 68),
(167, 167, 2, 78, 78),
(168, 168, 2, 56, 56),
(169, 169, 2, 28, 28),
(170, 170, 3, 17, 17),
(171, 171, 2, 98, 98),
(172, 172, 2, 64, 64),
(173, 173, 2, 16, 16),
(174, 174, 3, 51, 51),
(175, 175, 3, 92, 92),
(176, 176, 4, 23, 23),
(177, 177, 3, 71, 71),
(178, 178, 1, 80, 80),
(179, 179, 3, 29, 29),
(180, 180, 2, 10, 10),
(181, 181, 4, 75, 75),
(182, 182, 1, 42, 42),
(183, 183, 1, 78, 78),
(184, 184, 3, 17, 17),
(185, 185, 4, 51, 51),
(186, 186, 4, 16, 16),
(187, 187, 3, 87, 87),
(188, 188, 4, 39, 39),
(189, 189, 3, 47, 47),
(190, 190, 4, 91, 91),
(191, 191, 3, 58, 58),
(192, 192, 2, 34, 34),
(193, 193, 4, 33, 33),
(194, 194, 2, 66, 66),
(195, 195, 4, 58, 58),
(196, 196, 1, 57, 57),
(197, 197, 3, 78, 78),
(198, 198, 4, 56, 56),
(199, 199, 4, 50, 50),
(200, 200, 3, 73, 73),
(201, 201, 2, 64, 64),
(202, 202, 3, 80, 80),
(203, 203, 2, 81, 81),
(204, 204, 2, 56, 56),
(205, 205, 2, 11, 11),
(206, 206, 4, 80, 80),
(207, 207, 1, 63, 63),
(208, 208, 2, 97, 97),
(209, 209, 3, 23, 23),
(210, 210, 4, 42, 42),
(211, 211, 4, 45, 45),
(212, 212, 1, 65, 65),
(213, 213, 2, 45, 45),
(214, 214, 1, 94, 94),
(215, 215, 3, 36, 36),
(216, 216, 2, 12, 12),
(217, 217, 4, 48, 48),
(218, 218, 2, 51, 51),
(219, 219, 1, 18, 18),
(220, 220, 2, 57, 57),
(221, 221, 2, 11, 11),
(222, 222, 1, 98, 98),
(223, 223, 1, 86, 86),
(224, 224, 4, 27, 27),
(225, 225, 3, 68, 68),
(226, 226, 2, 62, 62),
(227, 227, 4, 72, 72),
(228, 228, 2, 33, 33),
(229, 229, 1, 20, 20),
(230, 230, 2, 26, 26),
(231, 231, 2, 25, 25),
(232, 232, 4, 40, 40),
(233, 233, 1, 97, 97),
(234, 234, 1, 63, 63),
(235, 235, 2, 55, 55),
(236, 236, 4, 55, 55),
(237, 237, 4, 23, 23),
(238, 238, 3, 69, 69),
(239, 239, 3, 27, 27),
(240, 240, 3, 35, 35),
(241, 241, 1, 29, 29),
(242, 242, 1, 35, 35),
(243, 243, 2, 92, 92),
(244, 244, 1, 28, 28),
(245, 245, 1, 76, 76),
(246, 246, 2, 59, 59),
(247, 247, 4, 35, 35),
(248, 248, 1, 28, 28),
(249, 249, 3, 16, 16),
(250, 250, 3, 97, 97),
(251, 251, 4, 37, 37),
(252, 252, 4, 48, 48),
(253, 253, 1, 62, 62),
(254, 254, 1, 95, 95),
(255, 255, 2, 44, 44),
(256, 256, 2, 85, 85),
(257, 257, 1, 19, 19),
(258, 258, 2, 67, 67),
(259, 259, 3, 90, 90),
(260, 260, 4, 71, 71),
(261, 261, 4, 24, 24),
(262, 262, 3, 32, 32),
(263, 263, 3, 75, 75),
(264, 264, 4, 73, 73),
(265, 265, 2, 58, 58),
(266, 266, 2, 62, 62),
(267, 267, 2, 17, 17),
(268, 268, 1, 13, 13),
(269, 269, 2, 86, 86),
(270, 270, 1, 73, 73),
(271, 271, 2, 88, 88),
(272, 272, 4, 21, 21),
(273, 273, 4, 70, 70),
(274, 274, 1, 97, 97),
(275, 275, 4, 74, 74),
(276, 276, 4, 79, 79),
(277, 277, 1, 86, 86),
(278, 278, 3, 30, 30),
(279, 279, 4, 48, 48),
(280, 280, 1, 74, 74),
(281, 281, 4, 41, 41),
(282, 282, 4, 21, 21),
(283, 283, 4, 35, 35),
(284, 284, 3, 50, 50),
(285, 285, 2, 81, 81),
(286, 286, 4, 63, 63),
(287, 287, 4, 68, 68),
(288, 288, 3, 77, 77),
(289, 289, 4, 17, 17),
(290, 290, 4, 32, 32),
(291, 291, 2, 98, 98),
(292, 292, 4, 95, 95),
(293, 293, 4, 40, 40),
(294, 294, 1, 17, 17),
(295, 295, 2, 49, 49),
(296, 296, 3, 46, 46),
(297, 297, 4, 68, 68),
(298, 298, 1, 94, 94),
(299, 299, 4, 95, 95),
(300, 300, 2, 15, 15),
(301, 301, 4, 50, 50),
(302, 302, 4, 89, 89),
(303, 303, 2, 11, 11),
(304, 304, 3, 73, 73),
(305, 305, 4, 45, 45),
(306, 306, 3, 91, 91),
(307, 307, 1, 56, 56),
(308, 308, 1, 43, 43),
(309, 309, 3, 67, 67),
(310, 310, 1, 99, 99),
(311, 311, 1, 73, 73),
(312, 312, 3, 14, 14),
(313, 313, 2, 54, 54),
(314, 314, 1, 93, 93),
(315, 315, 2, 25, 25),
(316, 316, 4, 74, 74),
(317, 317, 4, 70, 70),
(318, 318, 4, 69, 69),
(319, 319, 2, 11, 11),
(320, 320, 2, 27, 27),
(321, 321, 4, 59, 59),
(322, 322, 2, 27, 27),
(323, 323, 3, 47, 47),
(324, 324, 2, 100, 100),
(325, 325, 1, 99, 99),
(326, 326, 3, 12, 12),
(327, 327, 4, 41, 41),
(328, 328, 2, 57, 57),
(329, 329, 1, 51, 51),
(330, 330, 1, 90, 90),
(331, 331, 2, 40, 40),
(332, 332, 4, 86, 86),
(333, 333, 2, 40, 40),
(334, 334, 1, 24, 24),
(335, 335, 2, 80, 80),
(336, 336, 2, 82, 82),
(337, 337, 4, 63, 63),
(338, 338, 2, 66, 66),
(339, 339, 3, 67, 67),
(340, 340, 4, 91, 91),
(341, 341, 1, 33, 33),
(342, 342, 3, 88, 88),
(343, 343, 3, 31, 31),
(344, 344, 4, 15, 15),
(345, 345, 4, 24, 24),
(346, 346, 2, 86, 86),
(347, 347, 4, 70, 70),
(348, 348, 1, 56, 56),
(349, 349, 3, 26, 26),
(350, 350, 3, 76, 76),
(351, 351, 2, 26, 26),
(352, 352, 2, 21, 21),
(353, 353, 4, 50, 50),
(354, 354, 1, 49, 49),
(355, 355, 3, 11, 11),
(356, 356, 3, 92, 92),
(357, 357, 3, 51, 51),
(358, 358, 4, 94, 94),
(359, 359, 3, 30, 30),
(360, 360, 3, 56, 56),
(361, 361, 1, 38, 38),
(362, 362, 2, 68, 68),
(363, 363, 4, 15, 15),
(364, 364, 1, 28, 28),
(365, 365, 2, 50, 50),
(366, 366, 2, 94, 94),
(367, 367, 2, 43, 43),
(368, 368, 3, 34, 34),
(369, 369, 1, 62, 62),
(370, 370, 4, 25, 25),
(371, 371, 1, 89, 89),
(372, 372, 4, 91, 91),
(373, 373, 1, 68, 68),
(374, 374, 4, 63, 63),
(375, 375, 2, 42, 42),
(376, 376, 1, 72, 72),
(377, 377, 2, 61, 61),
(378, 378, 1, 14, 14),
(379, 379, 1, 99, 99),
(380, 380, 4, 71, 71),
(381, 381, 1, 94, 94),
(382, 382, 2, 74, 74),
(383, 383, 3, 85, 85),
(384, 384, 1, 95, 95),
(385, 385, 1, 33, 33),
(386, 386, 2, 94, 94),
(387, 387, 4, 12, 12),
(388, 388, 2, 95, 95),
(389, 389, 1, 70, 70),
(390, 390, 4, 69, 69),
(391, 391, 2, 79, 79),
(392, 392, 4, 73, 73),
(393, 393, 4, 12, 12),
(394, 394, 2, 61, 61),
(395, 395, 4, 16, 16),
(396, 396, 3, 92, 92),
(397, 397, 1, 70, 70),
(398, 398, 4, 56, 56),
(399, 399, 3, 48, 48),
(400, 400, 2, 45, 45),
(401, 401, 1, 44, 44),
(402, 402, 1, 88, 88),
(403, 403, 4, 99, 99),
(404, 404, 3, 60, 60),
(405, 405, 3, 56, 56),
(406, 406, 2, 81, 81),
(407, 407, 2, 77, 77),
(408, 408, 1, 88, 88),
(409, 409, 1, 57, 57),
(410, 410, 1, 24, 24),
(411, 411, 1, 37, 37),
(412, 412, 2, 78, 78),
(413, 413, 2, 10, 10),
(414, 414, 4, 84, 84),
(415, 415, 1, 93, 93),
(416, 416, 4, 87, 87),
(417, 417, 2, 74, 74),
(418, 418, 4, 11, 11),
(419, 419, 3, 79, 79),
(420, 420, 2, 34, 34),
(421, 421, 1, 70, 70),
(422, 422, 4, 70, 70),
(423, 423, 3, 40, 40),
(424, 424, 4, 96, 96),
(425, 425, 2, 76, 76),
(426, 426, 4, 17, 17),
(427, 427, 3, 12, 12),
(428, 428, 1, 55, 55),
(429, 429, 4, 14, 14),
(430, 430, 1, 90, 90),
(431, 431, 3, 60, 60),
(432, 432, 2, 14, 14),
(433, 433, 2, 87, 87),
(434, 434, 1, 83, 83),
(435, 435, 1, 70, 70),
(436, 436, 3, 91, 91),
(437, 437, 3, 99, 99),
(438, 438, 1, 44, 44),
(439, 439, 1, 72, 72),
(440, 440, 3, 93, 93),
(441, 441, 3, 65, 65),
(442, 442, 2, 43, 43),
(443, 443, 1, 55, 55),
(444, 444, 1, 37, 37),
(445, 445, 2, 76, 76),
(446, 446, 2, 19, 19),
(447, 447, 3, 29, 29),
(448, 448, 2, 67, 67),
(449, 449, 2, 51, 51),
(450, 450, 3, 95, 95),
(451, 451, 3, 31, 31),
(452, 452, 1, 64, 64),
(453, 453, 1, 77, 77),
(454, 454, 4, 31, 31),
(455, 455, 3, 97, 97),
(456, 456, 4, 55, 55),
(457, 457, 1, 11, 11),
(458, 458, 4, 63, 63),
(459, 459, 3, 10, 10),
(460, 460, 4, 58, 58),
(461, 461, 4, 60, 60),
(462, 462, 4, 85, 85),
(463, 463, 1, 68, 68),
(464, 464, 1, 62, 62),
(465, 465, 2, 38, 38),
(466, 466, 4, 13, 13),
(467, 467, 4, 91, 91),
(468, 468, 3, 92, 92),
(469, 469, 4, 37, 37),
(470, 470, 3, 94, 94),
(471, 471, 1, 76, 76),
(472, 472, 4, 71, 71),
(473, 473, 1, 48, 48),
(474, 474, 3, 86, 86),
(475, 475, 1, 85, 85),
(476, 476, 1, 51, 51),
(477, 477, 4, 22, 22),
(478, 478, 4, 40, 40),
(479, 479, 4, 18, 18),
(480, 480, 4, 89, 89),
(481, 481, 3, 42, 42),
(482, 482, 1, 36, 36),
(483, 483, 1, 30, 30),
(484, 484, 1, 86, 86),
(485, 485, 1, 65, 65),
(486, 486, 4, 62, 62),
(487, 487, 2, 87, 87),
(488, 488, 3, 68, 68),
(489, 489, 4, 91, 91),
(490, 490, 2, 10, 10),
(491, 491, 3, 94, 94),
(492, 492, 1, 36, 36),
(493, 493, 1, 32, 32),
(494, 494, 2, 93, 93),
(495, 495, 4, 45, 45),
(496, 496, 1, 24, 24),
(497, 497, 4, 54, 54),
(498, 498, 4, 26, 26),
(499, 499, 4, 78, 78),
(500, 500, 2, 22, 22),
(501, 501, 4, 85, 85),
(502, 502, 1, 84, 84),
(503, 503, 2, 33, 33),
(504, 504, 4, 75, 75),
(505, 505, 4, 44, 44),
(506, 506, 3, 53, 53),
(507, 507, 1, 99, 99),
(508, 508, 1, 70, 70),
(509, 509, 3, 20, 20),
(510, 510, 1, 83, 83),
(511, 511, 4, 12, 12),
(512, 512, 2, 35, 35),
(513, 513, 1, 44, 44),
(514, 514, 4, 61, 61),
(515, 515, 1, 49, 49),
(516, 516, 1, 76, 76),
(517, 517, 2, 56, 56),
(518, 518, 4, 51, 51),
(519, 519, 2, 49, 49),
(520, 520, 2, 48, 48),
(521, 521, 3, 98, 98),
(522, 522, 2, 78, 78),
(523, 523, 1, 36, 36),
(524, 524, 4, 68, 68),
(525, 525, 4, 49, 49),
(526, 526, 1, 98, 98),
(527, 527, 1, 76, 76),
(528, 528, 4, 57, 57),
(529, 529, 3, 17, 17),
(530, 530, 3, 42, 42),
(531, 531, 3, 92, 92),
(532, 532, 2, 73, 73),
(533, 533, 2, 99, 99),
(534, 534, 3, 80, 80),
(535, 535, 4, 38, 38),
(536, 536, 4, 98, 98),
(537, 537, 1, 48, 48),
(538, 538, 2, 14, 14),
(539, 539, 3, 81, 81),
(540, 540, 1, 18, 18),
(541, 541, 1, 88, 88),
(542, 542, 3, 19, 19),
(543, 543, 1, 13, 13),
(544, 544, 2, 13, 13),
(545, 545, 3, 18, 18),
(546, 546, 3, 22, 22),
(547, 547, 1, 52, 52),
(548, 548, 4, 54, 54),
(549, 549, 1, 15, 15),
(550, 550, 1, 90, 90),
(551, 551, 4, 40, 40),
(552, 552, 3, 29, 29),
(553, 553, 1, 78, 78),
(554, 554, 4, 67, 67),
(555, 555, 1, 62, 62),
(556, 556, 4, 67, 67),
(557, 557, 2, 44, 44),
(558, 558, 2, 62, 62),
(559, 559, 1, 40, 40),
(560, 560, 1, 68, 68),
(561, 561, 1, 27, 27),
(562, 562, 4, 19, 19),
(563, 563, 2, 90, 90),
(564, 564, 1, 14, 14),
(565, 565, 4, 53, 53),
(566, 566, 1, 100, 100),
(567, 567, 2, 95, 95),
(568, 568, 4, 37, 37),
(569, 569, 2, 76, 76),
(570, 570, 4, 49, 49),
(571, 571, 2, 38, 38),
(572, 572, 1, 38, 38),
(573, 573, 2, 99, 99),
(574, 574, 4, 44, 44),
(575, 575, 2, 60, 60),
(576, 576, 4, 68, 68),
(577, 577, 3, 94, 94),
(578, 578, 4, 91, 91),
(579, 579, 1, 62, 62),
(580, 580, 4, 21, 21),
(581, 581, 4, 64, 64),
(582, 582, 1, 40, 40),
(583, 583, 3, 97, 97),
(584, 584, 4, 18, 18),
(585, 585, 2, 81, 81),
(586, 586, 3, 34, 34),
(587, 587, 3, 24, 24),
(588, 588, 2, 41, 41),
(589, 589, 2, 81, 81),
(590, 590, 1, 44, 44),
(591, 591, 4, 34, 34),
(592, 592, 1, 47, 47),
(593, 593, 2, 93, 93),
(594, 594, 3, 97, 97),
(595, 595, 2, 95, 95),
(596, 596, 4, 86, 86),
(597, 597, 3, 72, 72),
(598, 598, 4, 74, 74),
(599, 599, 4, 38, 38),
(600, 600, 1, 79, 79),
(601, 601, 2, 30, 30),
(602, 602, 2, 68, 68),
(603, 603, 4, 18, 18),
(604, 604, 1, 78, 78),
(605, 605, 1, 78, 78),
(606, 606, 3, 84, 84),
(607, 607, 3, 48, 48),
(608, 608, 3, 93, 93),
(609, 609, 4, 66, 66),
(610, 610, 2, 99, 99),
(611, 611, 2, 78, 78),
(612, 612, 4, 68, 68),
(613, 613, 3, 71, 71),
(614, 614, 4, 16, 16),
(615, 615, 1, 20, 20),
(616, 616, 1, 95, 95),
(617, 617, 3, 25, 25),
(618, 618, 4, 67, 67),
(619, 619, 3, 22, 22),
(620, 620, 2, 12, 12),
(621, 621, 2, 77, 77),
(622, 622, 3, 44, 44),
(623, 623, 4, 43, 43),
(624, 624, 3, 81, 81),
(625, 625, 4, 74, 74),
(626, 626, 2, 13, 13),
(627, 627, 2, 44, 44),
(628, 628, 2, 40, 40),
(629, 629, 4, 18, 18),
(630, 630, 2, 20, 20),
(631, 631, 1, 79, 79),
(632, 632, 3, 41, 41),
(633, 633, 1, 71, 71),
(634, 634, 1, 46, 46),
(635, 635, 1, 82, 82),
(636, 636, 4, 69, 69),
(637, 637, 2, 44, 44),
(638, 638, 2, 14, 14),
(639, 639, 3, 38, 38),
(640, 640, 3, 98, 98),
(641, 641, 2, 98, 98),
(642, 642, 3, 63, 63),
(643, 643, 2, 51, 51),
(644, 644, 1, 82, 82),
(645, 645, 2, 80, 80),
(646, 646, 1, 19, 19),
(647, 647, 3, 96, 96),
(648, 648, 3, 21, 21),
(649, 649, 3, 59, 59),
(650, 650, 3, 70, 70),
(651, 651, 2, 77, 77),
(652, 652, 2, 62, 62),
(653, 653, 1, 87, 87),
(654, 654, 1, 41, 41),
(655, 655, 1, 15, 15),
(656, 656, 3, 75, 75),
(657, 657, 2, 84, 84),
(658, 658, 3, 16, 16),
(659, 659, 3, 20, 20),
(660, 660, 3, 85, 85),
(661, 661, 4, 71, 71),
(662, 662, 3, 47, 47),
(663, 663, 1, 25, 25),
(664, 663, 4, 20, 20);

-- --------------------------------------------------------

--
-- Table structure for table `detail_transaksi`
--

CREATE TABLE `detail_transaksi` (
  `id_detail_transaksi` int(11) NOT NULL,
  `id_transaksi` int(11) NOT NULL,
  `id_beras` int(11) NOT NULL,
  `kg_beras` int(11) NOT NULL
) ENGINE=InnoDB DEFAULT CHARSET=latin1;

--
-- Dumping data for table `detail_transaksi`
--

INSERT INTO `detail_transaksi` (`id_detail_transaksi`, `id_transaksi`, `id_beras`, `kg_beras`) VALUES
(1, 1, 3, 60),
(2, 2, 2, 50),
(3, 3, 1, 59),
(4, 4, 1, 80),
(5, 5, 4, 59),
(6, 6, 4, 54),
(7, 7, 1, 59),
(8, 8, 1, 77),
(9, 9, 3, 78),
(10, 10, 3, 80),
(11, 11, 1, 95),
(12, 12, 1, 53),
(13, 13, 4, 65),
(14, 14, 1, 85),
(15, 15, 4, 83),
(16, 16, 3, 52),
(17, 17, 4, 87),
(18, 18, 2, 96),
(19, 19, 4, 100),
(20, 20, 2, 51),
(21, 21, 4, 100),
(22, 22, 1, 96),
(23, 23, 1, 59),
(24, 24, 3, 99),
(25, 25, 1, 56),
(26, 26, 3, 97),
(27, 27, 3, 90),
(28, 28, 4, 79),
(29, 29, 1, 69),
(30, 30, 2, 89),
(31, 31, 4, 98),
(32, 32, 1, 83),
(33, 33, 4, 90),
(34, 34, 4, 82),
(35, 35, 3, 69),
(36, 36, 3, 64),
(37, 37, 4, 58),
(38, 38, 4, 64),
(39, 39, 2, 50),
(40, 40, 2, 78),
(41, 41, 2, 72),
(42, 42, 2, 82),
(43, 43, 3, 65),
(44, 44, 3, 52),
(45, 45, 1, 76),
(46, 46, 4, 87),
(47, 47, 2, 69),
(48, 48, 2, 67),
(49, 49, 3, 66),
(50, 50, 3, 80),
(51, 51, 1, 67),
(52, 52, 4, 93),
(53, 53, 3, 61),
(54, 54, 1, 83),
(55, 55, 2, 62),
(56, 56, 2, 60),
(57, 57, 3, 57),
(58, 58, 3, 74),
(59, 59, 1, 55),
(60, 60, 3, 50),
(61, 61, 3, 91),
(62, 62, 2, 67),
(63, 63, 4, 91),
(64, 64, 2, 60),
(65, 65, 4, 57),
(66, 66, 3, 52),
(67, 67, 2, 60),
(68, 68, 3, 71),
(69, 69, 2, 76),
(70, 70, 1, 89),
(71, 71, 1, 90),
(72, 72, 4, 86),
(73, 73, 2, 62),
(74, 74, 1, 59),
(75, 75, 1, 76),
(76, 76, 1, 88),
(77, 77, 3, 58),
(78, 78, 4, 78),
(79, 79, 1, 53),
(80, 80, 1, 78),
(81, 81, 4, 77),
(82, 82, 3, 76),
(83, 83, 2, 52),
(84, 84, 2, 71),
(85, 85, 4, 82),
(86, 86, 3, 72),
(87, 87, 3, 72),
(88, 88, 2, 96),
(89, 89, 4, 76),
(90, 90, 1, 62),
(91, 91, 3, 59),
(92, 92, 1, 78),
(93, 93, 2, 73),
(94, 94, 1, 57),
(95, 95, 4, 73),
(96, 96, 3, 77),
(97, 97, 4, 56),
(98, 98, 3, 64),
(99, 99, 2, 94),
(100, 100, 1, 57),
(101, 101, 3, 89),
(102, 102, 1, 92),
(103, 103, 2, 68),
(104, 104, 3, 95),
(105, 105, 3, 81),
(106, 106, 4, 52),
(107, 107, 4, 87),
(108, 108, 4, 76),
(109, 109, 4, 98),
(110, 110, 4, 69),
(111, 111, 2, 99),
(112, 112, 2, 60),
(113, 113, 4, 50),
(114, 114, 4, 74),
(115, 115, 2, 66),
(116, 116, 2, 81),
(117, 117, 2, 83),
(118, 118, 4, 57),
(119, 119, 3, 56),
(120, 120, 1, 75),
(121, 121, 2, 92),
(122, 122, 1, 92),
(123, 123, 3, 60),
(124, 124, 1, 90),
(125, 125, 3, 55),
(126, 126, 4, 58),
(127, 127, 3, 73),
(128, 128, 4, 58),
(129, 129, 1, 61),
(130, 130, 3, 82),
(131, 131, 1, 52),
(132, 132, 4, 53),
(133, 133, 4, 68),
(134, 134, 3, 61),
(135, 135, 3, 87),
(136, 136, 3, 90),
(137, 137, 2, 85),
(138, 138, 4, 67),
(139, 139, 1, 63),
(140, 140, 1, 50),
(141, 141, 3, 83),
(142, 142, 1, 68),
(143, 143, 3, 56),
(144, 144, 1, 51),
(145, 145, 4, 95),
(146, 146, 2, 84),
(147, 147, 2, 85),
(148, 148, 1, 70),
(149, 149, 3, 97),
(150, 150, 2, 77),
(151, 151, 4, 68),
(152, 152, 4, 73),
(153, 153, 2, 68),
(154, 154, 2, 69),
(155, 155, 4, 87),
(156, 156, 1, 97),
(157, 157, 1, 59),
(158, 158, 4, 85),
(159, 159, 4, 98),
(160, 160, 3, 74),
(161, 161, 1, 52),
(162, 162, 2, 65),
(163, 163, 3, 56),
(164, 164, 3, 64),
(165, 165, 1, 55),
(166, 166, 2, 73),
(167, 167, 4, 96),
(168, 168, 4, 88),
(169, 169, 2, 62),
(170, 170, 2, 96),
(171, 171, 3, 80),
(172, 172, 1, 77),
(173, 173, 1, 100),
(174, 174, 2, 87),
(175, 175, 4, 72),
(176, 176, 1, 79),
(177, 177, 2, 78),
(178, 178, 4, 85),
(179, 179, 4, 58),
(180, 180, 1, 88),
(181, 181, 2, 62),
(182, 182, 3, 60),
(183, 183, 1, 97),
(184, 184, 1, 73),
(185, 185, 1, 51),
(186, 186, 1, 50),
(187, 187, 2, 51),
(188, 188, 2, 75),
(189, 189, 2, 81),
(190, 190, 1, 80),
(191, 191, 1, 57),
(192, 192, 3, 94),
(193, 193, 4, 58),
(194, 194, 3, 65),
(195, 195, 3, 63),
(196, 196, 1, 82),
(197, 197, 3, 86),
(198, 198, 1, 99),
(199, 199, 2, 73),
(200, 200, 4, 92),
(201, 201, 2, 61),
(202, 202, 3, 52),
(203, 203, 4, 66),
(204, 204, 3, 77),
(205, 205, 2, 73),
(206, 206, 3, 64),
(207, 207, 2, 71),
(208, 208, 1, 57),
(209, 209, 2, 65),
(210, 210, 1, 73),
(211, 211, 3, 52),
(212, 212, 3, 52),
(213, 213, 4, 76),
(214, 214, 2, 95),
(215, 215, 1, 100),
(216, 216, 4, 84),
(217, 217, 3, 92),
(218, 218, 1, 71),
(219, 219, 1, 60),
(220, 220, 4, 59),
(221, 221, 2, 75),
(222, 222, 2, 90),
(223, 223, 4, 83),
(224, 224, 2, 83),
(225, 225, 4, 91),
(226, 226, 3, 86),
(227, 227, 1, 90),
(228, 228, 4, 69),
(229, 229, 1, 50),
(230, 230, 1, 53),
(231, 231, 2, 77),
(232, 232, 4, 94),
(233, 233, 3, 78),
(234, 234, 3, 63),
(235, 235, 2, 88),
(236, 236, 1, 76),
(237, 237, 3, 100),
(238, 238, 3, 69),
(239, 239, 4, 80),
(240, 240, 4, 54),
(241, 241, 2, 50),
(242, 242, 2, 75),
(243, 243, 1, 52),
(244, 244, 4, 92),
(245, 245, 4, 56),
(246, 246, 3, 52),
(247, 247, 3, 57),
(248, 248, 1, 100),
(249, 249, 3, 58),
(250, 250, 2, 56),
(251, 251, 1, 93),
(252, 252, 1, 83),
(253, 253, 3, 58),
(254, 254, 3, 64),
(255, 255, 4, 61),
(256, 256, 1, 70),
(257, 257, 2, 97),
(258, 258, 4, 51),
(259, 259, 1, 52),
(260, 260, 4, 61),
(261, 261, 4, 63),
(262, 262, 1, 94),
(263, 263, 1, 67),
(264, 264, 4, 68),
(265, 265, 2, 85),
(266, 266, 4, 86),
(267, 267, 3, 88),
(268, 268, 1, 62),
(269, 269, 3, 52),
(270, 270, 2, 66),
(271, 271, 1, 56),
(272, 272, 3, 89),
(273, 273, 2, 79),
(274, 274, 3, 92),
(275, 275, 4, 88),
(276, 276, 1, 61),
(277, 277, 1, 94),
(278, 278, 1, 63),
(279, 279, 2, 73),
(280, 280, 1, 74),
(281, 281, 2, 99),
(282, 282, 1, 89),
(283, 283, 1, 98),
(284, 284, 2, 79),
(285, 285, 4, 67),
(286, 286, 1, 73),
(287, 287, 4, 84),
(288, 288, 1, 99),
(289, 289, 2, 55),
(290, 290, 4, 84),
(291, 291, 4, 51),
(292, 292, 3, 77),
(293, 293, 3, 54),
(294, 294, 4, 97),
(295, 295, 1, 93),
(296, 296, 2, 92),
(297, 297, 2, 58);

-- --------------------------------------------------------

--
-- Table structure for table `padi`
--

CREATE TABLE `padi` (
  `id_padi` int(11) NOT NULL,
  `id_supplier` int(11) NOT NULL,
  `nama_padi` varchar(50) NOT NULL,
  `jenis_padi` varchar(50) NOT NULL,
  `harga` varchar(15) NOT NULL,
  `stok_padi` int(11) NOT NULL
) ENGINE=InnoDB DEFAULT CHARSET=latin1;

--
-- Dumping data for table `padi`
--

INSERT INTO `padi` (`id_padi`, `id_supplier`, `nama_padi`, `jenis_padi`, `harga`, `stok_padi`) VALUES
(1, 1, 'Padi Pandawangi', 'Padi Wangi', '9000', 120000),
(2, 2, 'Padi Inpari', 'Padi Pera', '10000', 120000),
(3, 2, 'IR 64', 'Padi Pulen', '11500', 120000),
(4, 1, 'Ciherang', 'Padi Gogo', '10000', 120000);

-- --------------------------------------------------------

--
-- Table structure for table `pemesanan_padi`
--

CREATE TABLE `pemesanan_padi` (
  `id_pesan` int(11) NOT NULL,
  `id_supplier` int(11) NOT NULL,
  `tgl_pesan` varchar(15) NOT NULL,
  `total_pesan` varchar(15) NOT NULL,
  `status_pesan` int(11) NOT NULL,
  `bukti_pembayaran` text NOT NULL,
  `create_at` timestamp NOT NULL DEFAULT current_timestamp()
) ENGINE=InnoDB DEFAULT CHARSET=latin1;

--
-- Dumping data for table `pemesanan_padi`
--

INSERT INTO `pemesanan_padi` (`id_pesan`, `id_supplier`, `tgl_pesan`, `total_pesan`, `status_pesan`, `bukti_pembayaran`, `create_at`) VALUES
(1, 2, '2022-01-01', '600000', 4, 'Ini-Dia-Bukti-Transfer-Mandiri-Dari-ATM-mBanking-dan-Internet-Banking-Mandiri-11.jpg', '2023-10-16 22:00:00'),
(2, 2, '2022-01-02', '598000', 4, 'Ini-Dia-Bukti-Transfer-Mandiri-Dari-ATM-mBanking-dan-Internet-Banking-Mandiri-11.jpg', '2023-10-16 22:00:00'),
(3, 1, '2022-01-03', '369000', 4, 'Ini-Dia-Bukti-Transfer-Mandiri-Dari-ATM-mBanking-dan-Internet-Banking-Mandiri-11.jpg', '2023-10-16 22:00:00'),
(4, 1, '2022-01-04', '410000', 4, 'Ini-Dia-Bukti-Transfer-Mandiri-Dari-ATM-mBanking-dan-Internet-Banking-Mandiri-11.jpg', '2023-10-16 22:00:00'),
(5, 1, '2022-01-05', '405000', 4, 'Ini-Dia-Bukti-Transfer-Mandiri-Dari-ATM-mBanking-dan-Internet-Banking-Mandiri-11.jpg', '2023-10-16 22:00:00'),
(6, 2, '2022-01-06', '130000', 4, 'Ini-Dia-Bukti-Transfer-Mandiri-Dari-ATM-mBanking-dan-Internet-Banking-Mandiri-11.jpg', '2023-10-16 22:00:00'),
(7, 2, '2022-01-07', '276000', 4, 'Ini-Dia-Bukti-Transfer-Mandiri-Dari-ATM-mBanking-dan-Internet-Banking-Mandiri-11.jpg', '2023-10-16 22:00:00'),
(8, 1, '2022-01-08', '189000', 4, 'Ini-Dia-Bukti-Transfer-Mandiri-Dari-ATM-mBanking-dan-Internet-Banking-Mandiri-11.jpg', '2023-10-16 22:00:00'),
(9, 1, '2022-01-09', '530000', 4, 'Ini-Dia-Bukti-Transfer-Mandiri-Dari-ATM-mBanking-dan-Internet-Banking-Mandiri-11.jpg', '2023-10-16 22:00:00'),
(10, 2, '2022-01-10', '950000', 4, 'Ini-Dia-Bukti-Transfer-Mandiri-Dari-ATM-mBanking-dan-Internet-Banking-Mandiri-11.jpg', '2023-10-16 22:00:00'),
(11, 1, '2022-01-11', '800000', 4, 'Ini-Dia-Bukti-Transfer-Mandiri-Dari-ATM-mBanking-dan-Internet-Banking-Mandiri-11.jpg', '2023-10-16 22:00:00'),
(12, 2, '2022-01-12', '630000', 4, 'Ini-Dia-Bukti-Transfer-Mandiri-Dari-ATM-mBanking-dan-Internet-Banking-Mandiri-11.jpg', '2023-10-16 22:00:00'),
(13, 1, '2022-01-13', '144000', 4, 'Ini-Dia-Bukti-Transfer-Mandiri-Dari-ATM-mBanking-dan-Internet-Banking-Mandiri-11.jpg', '2023-10-16 22:00:00'),
(14, 2, '2022-01-14', '529000', 4, 'Ini-Dia-Bukti-Transfer-Mandiri-Dari-ATM-mBanking-dan-Internet-Banking-Mandiri-11.jpg', '2023-10-16 22:00:00'),
(15, 1, '2022-01-15', '702000', 4, 'Ini-Dia-Bukti-Transfer-Mandiri-Dari-ATM-mBanking-dan-Internet-Banking-Mandiri-11.jpg', '2023-10-16 22:00:00'),
(16, 1, '2022-01-16', '320000', 4, 'Ini-Dia-Bukti-Transfer-Mandiri-Dari-ATM-mBanking-dan-Internet-Banking-Mandiri-11.jpg', '2023-10-16 22:00:00'),
(17, 2, '2022-01-17', '290000', 4, 'Ini-Dia-Bukti-Transfer-Mandiri-Dari-ATM-mBanking-dan-Internet-Banking-Mandiri-11.jpg', '2023-10-16 22:00:00'),
(18, 1, '2022-01-18', '800000', 4, 'Ini-Dia-Bukti-Transfer-Mandiri-Dari-ATM-mBanking-dan-Internet-Banking-Mandiri-11.jpg', '2023-10-16 22:00:00'),
(19, 1, '2022-01-19', '621000', 4, 'Ini-Dia-Bukti-Transfer-Mandiri-Dari-ATM-mBanking-dan-Internet-Banking-Mandiri-11.jpg', '2023-10-16 22:00:00'),
(20, 2, '2022-01-20', '908500', 4, 'Ini-Dia-Bukti-Transfer-Mandiri-Dari-ATM-mBanking-dan-Internet-Banking-Mandiri-11.jpg', '2023-10-16 22:00:00'),
(21, 1, '2022-01-21', '792000', 4, 'Ini-Dia-Bukti-Transfer-Mandiri-Dari-ATM-mBanking-dan-Internet-Banking-Mandiri-11.jpg', '2023-10-16 22:00:00'),
(22, 1, '2022-01-22', '680000', 4, 'Ini-Dia-Bukti-Transfer-Mandiri-Dari-ATM-mBanking-dan-Internet-Banking-Mandiri-11.jpg', '2023-10-16 22:00:00'),
(23, 1, '2022-01-23', '310000', 4, 'Ini-Dia-Bukti-Transfer-Mandiri-Dari-ATM-mBanking-dan-Internet-Banking-Mandiri-11.jpg', '2023-10-16 22:00:00'),
(24, 2, '2022-01-24', '590000', 4, 'Ini-Dia-Bukti-Transfer-Mandiri-Dari-ATM-mBanking-dan-Internet-Banking-Mandiri-11.jpg', '2023-10-16 22:00:00'),
(25, 1, '2022-01-25', '450000', 4, 'Ini-Dia-Bukti-Transfer-Mandiri-Dari-ATM-mBanking-dan-Internet-Banking-Mandiri-11.jpg', '2023-10-16 22:00:00'),
(26, 1, '2022-01-26', '760000', 4, 'Ini-Dia-Bukti-Transfer-Mandiri-Dari-ATM-mBanking-dan-Internet-Banking-Mandiri-11.jpg', '2023-10-16 22:00:00'),
(27, 2, '2022-01-27', '880000', 4, 'Ini-Dia-Bukti-Transfer-Mandiri-Dari-ATM-mBanking-dan-Internet-Banking-Mandiri-11.jpg', '2023-10-16 22:00:00'),
(28, 1, '2022-01-28', '504000', 4, 'Ini-Dia-Bukti-Transfer-Mandiri-Dari-ATM-mBanking-dan-Internet-Banking-Mandiri-11.jpg', '2023-10-16 22:00:00'),
(29, 2, '2022-01-29', '828000', 4, 'Ini-Dia-Bukti-Transfer-Mandiri-Dari-ATM-mBanking-dan-Internet-Banking-Mandiri-11.jpg', '2023-10-16 22:00:00'),
(30, 1, '2022-01-30', '126000', 4, 'Ini-Dia-Bukti-Transfer-Mandiri-Dari-ATM-mBanking-dan-Internet-Banking-Mandiri-11.jpg', '2023-10-16 22:00:00'),
(31, 2, '2022-01-31', '910000', 4, 'Ini-Dia-Bukti-Transfer-Mandiri-Dari-ATM-mBanking-dan-Internet-Banking-Mandiri-11.jpg', '2023-10-16 22:00:00'),
(32, 2, '2022-02-01', '391000', 4, 'Ini-Dia-Bukti-Transfer-Mandiri-Dari-ATM-mBanking-dan-Internet-Banking-Mandiri-11.jpg', '2023-10-16 22:00:00'),
(33, 2, '2022-02-02', '560000', 4, 'Ini-Dia-Bukti-Transfer-Mandiri-Dari-ATM-mBanking-dan-Internet-Banking-Mandiri-11.jpg', '2023-10-16 22:00:00'),
(34, 1, '2022-02-03', '1000000', 4, 'Ini-Dia-Bukti-Transfer-Mandiri-Dari-ATM-mBanking-dan-Internet-Banking-Mandiri-11.jpg', '2023-10-16 22:00:00'),
(35, 1, '2022-02-04', '612000', 4, 'Ini-Dia-Bukti-Transfer-Mandiri-Dari-ATM-mBanking-dan-Internet-Banking-Mandiri-11.jpg', '2023-10-16 22:00:00'),
(36, 2, '2022-02-05', '240000', 4, 'Ini-Dia-Bukti-Transfer-Mandiri-Dari-ATM-mBanking-dan-Internet-Banking-Mandiri-11.jpg', '2023-10-16 22:00:00'),
(37, 1, '2022-02-06', '280000', 4, 'Ini-Dia-Bukti-Transfer-Mandiri-Dari-ATM-mBanking-dan-Internet-Banking-Mandiri-11.jpg', '2023-10-16 22:00:00'),
(38, 1, '2022-02-07', '576000', 4, 'Ini-Dia-Bukti-Transfer-Mandiri-Dari-ATM-mBanking-dan-Internet-Banking-Mandiri-11.jpg', '2023-10-16 22:00:00'),
(39, 1, '2022-02-08', '747000', 4, 'Ini-Dia-Bukti-Transfer-Mandiri-Dari-ATM-mBanking-dan-Internet-Banking-Mandiri-11.jpg', '2023-10-16 22:00:00'),
(40, 2, '2022-02-09', '390000', 4, 'Ini-Dia-Bukti-Transfer-Mandiri-Dari-ATM-mBanking-dan-Internet-Banking-Mandiri-11.jpg', '2023-10-16 22:00:00'),
(41, 2, '2022-02-10', '160000', 4, 'Ini-Dia-Bukti-Transfer-Mandiri-Dari-ATM-mBanking-dan-Internet-Banking-Mandiri-11.jpg', '2023-10-16 22:00:00'),
(42, 2, '2022-02-11', '218500', 4, 'Ini-Dia-Bukti-Transfer-Mandiri-Dari-ATM-mBanking-dan-Internet-Banking-Mandiri-11.jpg', '2023-10-16 22:00:00'),
(43, 1, '2022-02-12', '1000000', 4, 'Ini-Dia-Bukti-Transfer-Mandiri-Dari-ATM-mBanking-dan-Internet-Banking-Mandiri-11.jpg', '2023-10-16 22:00:00'),
(44, 2, '2022-02-13', '195500', 4, 'Ini-Dia-Bukti-Transfer-Mandiri-Dari-ATM-mBanking-dan-Internet-Banking-Mandiri-11.jpg', '2023-10-16 22:00:00'),
(45, 1, '2022-02-14', '610000', 4, 'Ini-Dia-Bukti-Transfer-Mandiri-Dari-ATM-mBanking-dan-Internet-Banking-Mandiri-11.jpg', '2023-10-16 22:00:00'),
(46, 2, '2022-02-15', '494500', 4, 'Ini-Dia-Bukti-Transfer-Mandiri-Dari-ATM-mBanking-dan-Internet-Banking-Mandiri-11.jpg', '2023-10-16 22:00:00'),
(47, 1, '2022-02-16', '110000', 4, 'Ini-Dia-Bukti-Transfer-Mandiri-Dari-ATM-mBanking-dan-Internet-Banking-Mandiri-11.jpg', '2023-10-16 22:00:00'),
(48, 2, '2022-02-17', '120000', 4, 'Ini-Dia-Bukti-Transfer-Mandiri-Dari-ATM-mBanking-dan-Internet-Banking-Mandiri-11.jpg', '2023-10-16 22:00:00'),
(49, 1, '2022-02-18', '940000', 4, 'Ini-Dia-Bukti-Transfer-Mandiri-Dari-ATM-mBanking-dan-Internet-Banking-Mandiri-11.jpg', '2023-10-16 22:00:00'),
(50, 1, '2022-02-19', '420000', 4, 'Ini-Dia-Bukti-Transfer-Mandiri-Dari-ATM-mBanking-dan-Internet-Banking-Mandiri-11.jpg', '2023-10-16 22:00:00'),
(51, 2, '2022-02-20', '780000', 4, 'Ini-Dia-Bukti-Transfer-Mandiri-Dari-ATM-mBanking-dan-Internet-Banking-Mandiri-11.jpg', '2023-10-16 22:00:00'),
(52, 1, '2022-02-21', '450000', 4, 'Ini-Dia-Bukti-Transfer-Mandiri-Dari-ATM-mBanking-dan-Internet-Banking-Mandiri-11.jpg', '2023-10-16 22:00:00'),
(53, 1, '2022-02-22', '220000', 4, 'Ini-Dia-Bukti-Transfer-Mandiri-Dari-ATM-mBanking-dan-Internet-Banking-Mandiri-11.jpg', '2023-10-16 22:00:00'),
(54, 1, '2022-02-23', '180000', 4, 'Ini-Dia-Bukti-Transfer-Mandiri-Dari-ATM-mBanking-dan-Internet-Banking-Mandiri-11.jpg', '2023-10-16 22:00:00'),
(55, 1, '2022-02-24', '260000', 4, 'Ini-Dia-Bukti-Transfer-Mandiri-Dari-ATM-mBanking-dan-Internet-Banking-Mandiri-11.jpg', '2023-10-16 22:00:00'),
(56, 2, '2022-02-25', '667000', 4, 'Ini-Dia-Bukti-Transfer-Mandiri-Dari-ATM-mBanking-dan-Internet-Banking-Mandiri-11.jpg', '2023-10-16 22:00:00'),
(57, 1, '2022-02-26', '530000', 4, 'Ini-Dia-Bukti-Transfer-Mandiri-Dari-ATM-mBanking-dan-Internet-Banking-Mandiri-11.jpg', '2023-10-16 22:00:00'),
(58, 1, '2022-02-27', '837000', 4, 'Ini-Dia-Bukti-Transfer-Mandiri-Dari-ATM-mBanking-dan-Internet-Banking-Mandiri-11.jpg', '2023-10-16 22:00:00'),
(59, 2, '2022-02-28', '690000', 4, 'Ini-Dia-Bukti-Transfer-Mandiri-Dari-ATM-mBanking-dan-Internet-Banking-Mandiri-11.jpg', '2023-10-16 22:00:00'),
(60, 1, '2022-03-01', '1000000', 4, 'Ini-Dia-Bukti-Transfer-Mandiri-Dari-ATM-mBanking-dan-Internet-Banking-Mandiri-11.jpg', '2023-10-16 22:00:00'),
(61, 1, '2022-03-02', '180000', 4, 'Ini-Dia-Bukti-Transfer-Mandiri-Dari-ATM-mBanking-dan-Internet-Banking-Mandiri-11.jpg', '2023-10-16 22:00:00'),
(62, 1, '2022-03-03', '470000', 4, 'Ini-Dia-Bukti-Transfer-Mandiri-Dari-ATM-mBanking-dan-Internet-Banking-Mandiri-11.jpg', '2023-10-16 22:00:00'),
(63, 1, '2022-03-04', '540000', 4, 'Ini-Dia-Bukti-Transfer-Mandiri-Dari-ATM-mBanking-dan-Internet-Banking-Mandiri-11.jpg', '2023-10-16 22:00:00'),
(64, 1, '2022-03-05', '590000', 4, 'Ini-Dia-Bukti-Transfer-Mandiri-Dari-ATM-mBanking-dan-Internet-Banking-Mandiri-11.jpg', '2023-10-16 22:00:00'),
(65, 1, '2022-03-06', '580000', 4, 'Ini-Dia-Bukti-Transfer-Mandiri-Dari-ATM-mBanking-dan-Internet-Banking-Mandiri-11.jpg', '2023-10-16 22:00:00'),
(66, 1, '2022-03-07', '225000', 4, 'Ini-Dia-Bukti-Transfer-Mandiri-Dari-ATM-mBanking-dan-Internet-Banking-Mandiri-11.jpg', '2023-10-16 22:00:00'),
(67, 1, '2022-03-08', '560000', 4, 'Ini-Dia-Bukti-Transfer-Mandiri-Dari-ATM-mBanking-dan-Internet-Banking-Mandiri-11.jpg', '2023-10-16 22:00:00'),
(68, 1, '2022-03-09', '570000', 4, 'Ini-Dia-Bukti-Transfer-Mandiri-Dari-ATM-mBanking-dan-Internet-Banking-Mandiri-11.jpg', '2023-10-16 22:00:00'),
(69, 1, '2022-03-10', '243000', 4, 'Ini-Dia-Bukti-Transfer-Mandiri-Dari-ATM-mBanking-dan-Internet-Banking-Mandiri-11.jpg', '2023-10-16 22:00:00'),
(70, 1, '2022-03-11', '650000', 4, 'Ini-Dia-Bukti-Transfer-Mandiri-Dari-ATM-mBanking-dan-Internet-Banking-Mandiri-11.jpg', '2023-10-16 22:00:00'),
(71, 2, '2022-03-12', '471500', 4, 'Ini-Dia-Bukti-Transfer-Mandiri-Dari-ATM-mBanking-dan-Internet-Banking-Mandiri-11.jpg', '2023-10-16 22:00:00'),
(72, 2, '2022-03-13', '520000', 4, 'Ini-Dia-Bukti-Transfer-Mandiri-Dari-ATM-mBanking-dan-Internet-Banking-Mandiri-11.jpg', '2023-10-16 22:00:00'),
(73, 2, '2022-03-14', '770500', 4, 'Ini-Dia-Bukti-Transfer-Mandiri-Dari-ATM-mBanking-dan-Internet-Banking-Mandiri-11.jpg', '2023-10-16 22:00:00'),
(74, 1, '2022-03-15', '210000', 4, 'Ini-Dia-Bukti-Transfer-Mandiri-Dari-ATM-mBanking-dan-Internet-Banking-Mandiri-11.jpg', '2023-10-16 22:00:00'),
(75, 1, '2022-03-16', '576000', 4, 'Ini-Dia-Bukti-Transfer-Mandiri-Dari-ATM-mBanking-dan-Internet-Banking-Mandiri-11.jpg', '2023-10-16 22:00:00'),
(76, 1, '2022-03-17', '860000', 4, 'Ini-Dia-Bukti-Transfer-Mandiri-Dari-ATM-mBanking-dan-Internet-Banking-Mandiri-11.jpg', '2023-10-16 22:00:00'),
(77, 2, '2022-03-18', '184000', 4, 'Ini-Dia-Bukti-Transfer-Mandiri-Dari-ATM-mBanking-dan-Internet-Banking-Mandiri-11.jpg', '2023-10-16 22:00:00'),
(78, 2, '2022-03-19', '130000', 4, 'Ini-Dia-Bukti-Transfer-Mandiri-Dari-ATM-mBanking-dan-Internet-Banking-Mandiri-11.jpg', '2023-10-16 22:00:00'),
(79, 1, '2022-03-20', '970000', 4, 'Ini-Dia-Bukti-Transfer-Mandiri-Dari-ATM-mBanking-dan-Internet-Banking-Mandiri-11.jpg', '2023-10-16 22:00:00'),
(80, 2, '2022-03-21', '190000', 4, 'Ini-Dia-Bukti-Transfer-Mandiri-Dari-ATM-mBanking-dan-Internet-Banking-Mandiri-11.jpg', '2023-10-16 22:00:00'),
(81, 2, '2022-03-22', '276000', 4, 'Ini-Dia-Bukti-Transfer-Mandiri-Dari-ATM-mBanking-dan-Internet-Banking-Mandiri-11.jpg', '2023-10-16 22:00:00'),
(82, 1, '2022-03-23', '390000', 4, 'Ini-Dia-Bukti-Transfer-Mandiri-Dari-ATM-mBanking-dan-Internet-Banking-Mandiri-11.jpg', '2023-10-16 22:00:00'),
(83, 1, '2022-03-24', '130000', 4, 'Ini-Dia-Bukti-Transfer-Mandiri-Dari-ATM-mBanking-dan-Internet-Banking-Mandiri-11.jpg', '2023-10-16 22:00:00'),
(84, 2, '2022-03-25', '598000', 4, 'Ini-Dia-Bukti-Transfer-Mandiri-Dari-ATM-mBanking-dan-Internet-Banking-Mandiri-11.jpg', '2023-10-16 22:00:00'),
(85, 1, '2022-03-26', '279000', 4, 'Ini-Dia-Bukti-Transfer-Mandiri-Dari-ATM-mBanking-dan-Internet-Banking-Mandiri-11.jpg', '2023-10-16 22:00:00'),
(86, 1, '2022-03-27', '450000', 4, 'Ini-Dia-Bukti-Transfer-Mandiri-Dari-ATM-mBanking-dan-Internet-Banking-Mandiri-11.jpg', '2023-10-16 22:00:00'),
(87, 1, '2022-03-28', '770000', 4, 'Ini-Dia-Bukti-Transfer-Mandiri-Dari-ATM-mBanking-dan-Internet-Banking-Mandiri-11.jpg', '2023-10-16 22:00:00'),
(88, 1, '2022-03-29', '310000', 4, 'Ini-Dia-Bukti-Transfer-Mandiri-Dari-ATM-mBanking-dan-Internet-Banking-Mandiri-11.jpg', '2023-10-16 22:00:00'),
(89, 1, '2022-03-30', '980000', 4, 'Ini-Dia-Bukti-Transfer-Mandiri-Dari-ATM-mBanking-dan-Internet-Banking-Mandiri-11.jpg', '2023-10-16 22:00:00'),
(90, 2, '2022-03-31', '632500', 4, 'Ini-Dia-Bukti-Transfer-Mandiri-Dari-ATM-mBanking-dan-Internet-Banking-Mandiri-11.jpg', '2023-10-16 22:00:00'),
(91, 1, '2022-04-01', '220000', 4, 'Ini-Dia-Bukti-Transfer-Mandiri-Dari-ATM-mBanking-dan-Internet-Banking-Mandiri-11.jpg', '2023-10-16 22:00:00'),
(92, 2, '2022-04-02', '980000', 4, 'Ini-Dia-Bukti-Transfer-Mandiri-Dari-ATM-mBanking-dan-Internet-Banking-Mandiri-11.jpg', '2023-10-16 22:00:00'),
(93, 1, '2022-04-03', '840000', 4, 'Ini-Dia-Bukti-Transfer-Mandiri-Dari-ATM-mBanking-dan-Internet-Banking-Mandiri-11.jpg', '2023-10-16 22:00:00'),
(94, 2, '2022-04-04', '900000', 4, 'Ini-Dia-Bukti-Transfer-Mandiri-Dari-ATM-mBanking-dan-Internet-Banking-Mandiri-11.jpg', '2023-10-16 22:00:00'),
(95, 2, '2022-04-05', '490000', 4, 'Ini-Dia-Bukti-Transfer-Mandiri-Dari-ATM-mBanking-dan-Internet-Banking-Mandiri-11.jpg', '2023-10-16 22:00:00'),
(96, 1, '2022-04-06', '830000', 4, 'Ini-Dia-Bukti-Transfer-Mandiri-Dari-ATM-mBanking-dan-Internet-Banking-Mandiri-11.jpg', '2023-10-16 22:00:00'),
(97, 2, '2022-04-07', '190000', 4, 'Ini-Dia-Bukti-Transfer-Mandiri-Dari-ATM-mBanking-dan-Internet-Banking-Mandiri-11.jpg', '2023-10-16 22:00:00'),
(98, 2, '2022-04-08', '340000', 4, 'Ini-Dia-Bukti-Transfer-Mandiri-Dari-ATM-mBanking-dan-Internet-Banking-Mandiri-11.jpg', '2023-10-16 22:00:00'),
(99, 1, '2022-04-09', '423000', 4, 'Ini-Dia-Bukti-Transfer-Mandiri-Dari-ATM-mBanking-dan-Internet-Banking-Mandiri-11.jpg', '2023-10-16 22:00:00'),
(100, 1, '2022-04-10', '870000', 4, 'Ini-Dia-Bukti-Transfer-Mandiri-Dari-ATM-mBanking-dan-Internet-Banking-Mandiri-11.jpg', '2023-10-16 22:00:00'),
(101, 1, '2022-04-11', '486000', 4, 'Ini-Dia-Bukti-Transfer-Mandiri-Dari-ATM-mBanking-dan-Internet-Banking-Mandiri-11.jpg', '2023-10-16 22:00:00'),
(102, 2, '2022-04-12', '126500', 4, 'Ini-Dia-Bukti-Transfer-Mandiri-Dari-ATM-mBanking-dan-Internet-Banking-Mandiri-11.jpg', '2023-10-16 22:00:00'),
(103, 2, '2022-04-13', '724500', 4, 'Ini-Dia-Bukti-Transfer-Mandiri-Dari-ATM-mBanking-dan-Internet-Banking-Mandiri-11.jpg', '2023-10-16 22:00:00'),
(104, 1, '2022-04-14', '729000', 4, 'Ini-Dia-Bukti-Transfer-Mandiri-Dari-ATM-mBanking-dan-Internet-Banking-Mandiri-11.jpg', '2023-10-16 22:00:00'),
(105, 1, '2022-04-15', '560000', 4, 'Ini-Dia-Bukti-Transfer-Mandiri-Dari-ATM-mBanking-dan-Internet-Banking-Mandiri-11.jpg', '2023-10-16 22:00:00'),
(106, 1, '2022-04-16', '680000', 4, 'Ini-Dia-Bukti-Transfer-Mandiri-Dari-ATM-mBanking-dan-Internet-Banking-Mandiri-11.jpg', '2023-10-16 22:00:00'),
(107, 2, '2022-04-17', '720000', 4, 'Ini-Dia-Bukti-Transfer-Mandiri-Dari-ATM-mBanking-dan-Internet-Banking-Mandiri-11.jpg', '2023-10-16 22:00:00'),
(108, 2, '2022-04-18', '330000', 4, 'Ini-Dia-Bukti-Transfer-Mandiri-Dari-ATM-mBanking-dan-Internet-Banking-Mandiri-11.jpg', '2023-10-16 22:00:00'),
(109, 2, '2022-04-19', '1046500', 4, 'Ini-Dia-Bukti-Transfer-Mandiri-Dari-ATM-mBanking-dan-Internet-Banking-Mandiri-11.jpg', '2023-10-16 22:00:00'),
(110, 2, '2022-04-20', '713000', 4, 'Ini-Dia-Bukti-Transfer-Mandiri-Dari-ATM-mBanking-dan-Internet-Banking-Mandiri-11.jpg', '2023-10-16 22:00:00'),
(111, 2, '2022-04-21', '747500', 4, 'Ini-Dia-Bukti-Transfer-Mandiri-Dari-ATM-mBanking-dan-Internet-Banking-Mandiri-11.jpg', '2023-10-16 22:00:00'),
(112, 1, '2022-04-22', '297000', 4, 'Ini-Dia-Bukti-Transfer-Mandiri-Dari-ATM-mBanking-dan-Internet-Banking-Mandiri-11.jpg', '2023-10-16 22:00:00'),
(113, 1, '2022-04-23', '720000', 4, 'Ini-Dia-Bukti-Transfer-Mandiri-Dari-ATM-mBanking-dan-Internet-Banking-Mandiri-11.jpg', '2023-10-16 22:00:00'),
(114, 1, '2022-04-24', '800000', 4, 'Ini-Dia-Bukti-Transfer-Mandiri-Dari-ATM-mBanking-dan-Internet-Banking-Mandiri-11.jpg', '2023-10-16 22:00:00'),
(115, 2, '2022-04-25', '370000', 4, 'Ini-Dia-Bukti-Transfer-Mandiri-Dari-ATM-mBanking-dan-Internet-Banking-Mandiri-11.jpg', '2023-10-16 22:00:00'),
(116, 2, '2022-04-26', '720000', 4, 'Ini-Dia-Bukti-Transfer-Mandiri-Dari-ATM-mBanking-dan-Internet-Banking-Mandiri-11.jpg', '2023-10-16 22:00:00'),
(117, 2, '2022-04-27', '480000', 4, 'Ini-Dia-Bukti-Transfer-Mandiri-Dari-ATM-mBanking-dan-Internet-Banking-Mandiri-11.jpg', '2023-10-16 22:00:00'),
(118, 2, '2022-04-28', '610000', 4, 'Ini-Dia-Bukti-Transfer-Mandiri-Dari-ATM-mBanking-dan-Internet-Banking-Mandiri-11.jpg', '2023-10-16 22:00:00'),
(119, 1, '2022-04-29', '190000', 4, 'Ini-Dia-Bukti-Transfer-Mandiri-Dari-ATM-mBanking-dan-Internet-Banking-Mandiri-11.jpg', '2023-10-16 22:00:00'),
(120, 2, '2022-04-30', '943000', 4, 'Ini-Dia-Bukti-Transfer-Mandiri-Dari-ATM-mBanking-dan-Internet-Banking-Mandiri-11.jpg', '2023-10-16 22:00:00'),
(121, 1, '2022-05-01', '864000', 4, 'Ini-Dia-Bukti-Transfer-Mandiri-Dari-ATM-mBanking-dan-Internet-Banking-Mandiri-11.jpg', '2023-10-16 22:00:00'),
(122, 1, '2022-05-02', '640000', 4, 'Ini-Dia-Bukti-Transfer-Mandiri-Dari-ATM-mBanking-dan-Internet-Banking-Mandiri-11.jpg', '2023-10-16 22:00:00'),
(123, 2, '2022-05-03', '340000', 4, 'Ini-Dia-Bukti-Transfer-Mandiri-Dari-ATM-mBanking-dan-Internet-Banking-Mandiri-11.jpg', '2023-10-16 22:00:00'),
(124, 2, '2022-05-04', '1104000', 4, 'Ini-Dia-Bukti-Transfer-Mandiri-Dari-ATM-mBanking-dan-Internet-Banking-Mandiri-11.jpg', '2023-10-16 22:00:00'),
(125, 2, '2022-05-05', '710000', 4, 'Ini-Dia-Bukti-Transfer-Mandiri-Dari-ATM-mBanking-dan-Internet-Banking-Mandiri-11.jpg', '2023-10-16 22:00:00'),
(126, 1, '2022-05-06', '680000', 4, 'Ini-Dia-Bukti-Transfer-Mandiri-Dari-ATM-mBanking-dan-Internet-Banking-Mandiri-11.jpg', '2023-10-16 22:00:00'),
(127, 1, '2022-05-07', '702000', 4, 'Ini-Dia-Bukti-Transfer-Mandiri-Dari-ATM-mBanking-dan-Internet-Banking-Mandiri-11.jpg', '2023-10-16 22:00:00'),
(128, 1, '2022-05-08', '162000', 4, 'Ini-Dia-Bukti-Transfer-Mandiri-Dari-ATM-mBanking-dan-Internet-Banking-Mandiri-11.jpg', '2023-10-16 22:00:00'),
(129, 1, '2022-05-09', '216000', 4, 'Ini-Dia-Bukti-Transfer-Mandiri-Dari-ATM-mBanking-dan-Internet-Banking-Mandiri-11.jpg', '2023-10-16 22:00:00'),
(130, 2, '2022-05-10', '138000', 4, 'Ini-Dia-Bukti-Transfer-Mandiri-Dari-ATM-mBanking-dan-Internet-Banking-Mandiri-11.jpg', '2023-10-16 22:00:00'),
(131, 1, '2022-05-11', '432000', 4, 'Ini-Dia-Bukti-Transfer-Mandiri-Dari-ATM-mBanking-dan-Internet-Banking-Mandiri-11.jpg', '2023-10-16 22:00:00'),
(132, 1, '2022-05-12', '220000', 4, 'Ini-Dia-Bukti-Transfer-Mandiri-Dari-ATM-mBanking-dan-Internet-Banking-Mandiri-11.jpg', '2023-10-16 22:00:00'),
(133, 2, '2022-05-13', '930000', 4, 'Ini-Dia-Bukti-Transfer-Mandiri-Dari-ATM-mBanking-dan-Internet-Banking-Mandiri-11.jpg', '2023-10-16 22:00:00'),
(134, 1, '2022-05-14', '567000', 4, 'Ini-Dia-Bukti-Transfer-Mandiri-Dari-ATM-mBanking-dan-Internet-Banking-Mandiri-11.jpg', '2023-10-16 22:00:00'),
(135, 1, '2022-05-15', '270000', 4, 'Ini-Dia-Bukti-Transfer-Mandiri-Dari-ATM-mBanking-dan-Internet-Banking-Mandiri-11.jpg', '2023-10-16 22:00:00'),
(136, 2, '2022-05-16', '172500', 4, 'Ini-Dia-Bukti-Transfer-Mandiri-Dari-ATM-mBanking-dan-Internet-Banking-Mandiri-11.jpg', '2023-10-16 22:00:00'),
(137, 2, '2022-05-17', '701500', 4, 'Ini-Dia-Bukti-Transfer-Mandiri-Dari-ATM-mBanking-dan-Internet-Banking-Mandiri-11.jpg', '2023-10-16 22:00:00'),
(138, 1, '2022-05-18', '970000', 4, 'Ini-Dia-Bukti-Transfer-Mandiri-Dari-ATM-mBanking-dan-Internet-Banking-Mandiri-11.jpg', '2023-10-16 22:00:00'),
(139, 1, '2022-05-19', '144000', 4, 'Ini-Dia-Bukti-Transfer-Mandiri-Dari-ATM-mBanking-dan-Internet-Banking-Mandiri-11.jpg', '2023-10-16 22:00:00'),
(140, 1, '2022-05-20', '810000', 4, 'Ini-Dia-Bukti-Transfer-Mandiri-Dari-ATM-mBanking-dan-Internet-Banking-Mandiri-11.jpg', '2023-10-16 22:00:00'),
(141, 2, '2022-05-21', '448500', 4, 'Ini-Dia-Bukti-Transfer-Mandiri-Dari-ATM-mBanking-dan-Internet-Banking-Mandiri-11.jpg', '2023-10-16 22:00:00'),
(142, 1, '2022-05-22', '594000', 4, 'Ini-Dia-Bukti-Transfer-Mandiri-Dari-ATM-mBanking-dan-Internet-Banking-Mandiri-11.jpg', '2023-10-16 22:00:00'),
(143, 1, '2022-05-23', '351000', 4, 'Ini-Dia-Bukti-Transfer-Mandiri-Dari-ATM-mBanking-dan-Internet-Banking-Mandiri-11.jpg', '2023-10-16 22:00:00'),
(144, 1, '2022-05-24', '180000', 4, 'Ini-Dia-Bukti-Transfer-Mandiri-Dari-ATM-mBanking-dan-Internet-Banking-Mandiri-11.jpg', '2023-10-16 22:00:00'),
(145, 2, '2022-05-25', '900000', 4, 'Ini-Dia-Bukti-Transfer-Mandiri-Dari-ATM-mBanking-dan-Internet-Banking-Mandiri-11.jpg', '2023-10-16 22:00:00'),
(146, 2, '2022-05-26', '570000', 4, 'Ini-Dia-Bukti-Transfer-Mandiri-Dari-ATM-mBanking-dan-Internet-Banking-Mandiri-11.jpg', '2023-10-16 22:00:00'),
(147, 1, '2022-05-27', '333000', 4, 'Ini-Dia-Bukti-Transfer-Mandiri-Dari-ATM-mBanking-dan-Internet-Banking-Mandiri-11.jpg', '2023-10-16 22:00:00'),
(148, 2, '2022-05-28', '830000', 4, 'Ini-Dia-Bukti-Transfer-Mandiri-Dari-ATM-mBanking-dan-Internet-Banking-Mandiri-11.jpg', '2023-10-16 22:00:00'),
(149, 1, '2022-05-29', '873000', 4, 'Ini-Dia-Bukti-Transfer-Mandiri-Dari-ATM-mBanking-dan-Internet-Banking-Mandiri-11.jpg', '2023-10-16 22:00:00'),
(150, 1, '2022-05-30', '390000', 4, 'Ini-Dia-Bukti-Transfer-Mandiri-Dari-ATM-mBanking-dan-Internet-Banking-Mandiri-11.jpg', '2023-10-16 22:00:00'),
(151, 2, '2022-05-31', '890000', 4, 'Ini-Dia-Bukti-Transfer-Mandiri-Dari-ATM-mBanking-dan-Internet-Banking-Mandiri-11.jpg', '2023-10-16 22:00:00'),
(152, 1, '2022-06-01', '225000', 4, 'Ini-Dia-Bukti-Transfer-Mandiri-Dari-ATM-mBanking-dan-Internet-Banking-Mandiri-11.jpg', '2023-10-16 22:00:00'),
(153, 2, '2022-06-02', '1115500', 4, 'Ini-Dia-Bukti-Transfer-Mandiri-Dari-ATM-mBanking-dan-Internet-Banking-Mandiri-11.jpg', '2023-10-16 22:00:00'),
(154, 2, '2022-06-03', '580000', 4, 'Ini-Dia-Bukti-Transfer-Mandiri-Dari-ATM-mBanking-dan-Internet-Banking-Mandiri-11.jpg', '2023-10-16 22:00:00'),
(155, 1, '2022-06-04', '300000', 4, 'Ini-Dia-Bukti-Transfer-Mandiri-Dari-ATM-mBanking-dan-Internet-Banking-Mandiri-11.jpg', '2023-10-16 22:00:00'),
(156, 1, '2022-06-05', '108000', 4, 'Ini-Dia-Bukti-Transfer-Mandiri-Dari-ATM-mBanking-dan-Internet-Banking-Mandiri-11.jpg', '2023-10-16 22:00:00'),
(157, 1, '2022-06-06', '630000', 4, 'Ini-Dia-Bukti-Transfer-Mandiri-Dari-ATM-mBanking-dan-Internet-Banking-Mandiri-11.jpg', '2023-10-16 22:00:00'),
(158, 2, '2022-06-07', '430000', 4, 'Ini-Dia-Bukti-Transfer-Mandiri-Dari-ATM-mBanking-dan-Internet-Banking-Mandiri-11.jpg', '2023-10-16 22:00:00'),
(159, 1, '2022-06-08', '738000', 4, 'Ini-Dia-Bukti-Transfer-Mandiri-Dari-ATM-mBanking-dan-Internet-Banking-Mandiri-11.jpg', '2023-10-16 22:00:00'),
(160, 2, '2022-06-09', '299000', 4, 'Ini-Dia-Bukti-Transfer-Mandiri-Dari-ATM-mBanking-dan-Internet-Banking-Mandiri-11.jpg', '2023-10-16 22:00:00'),
(161, 1, '2022-06-10', '216000', 4, 'Ini-Dia-Bukti-Transfer-Mandiri-Dari-ATM-mBanking-dan-Internet-Banking-Mandiri-11.jpg', '2023-10-16 22:00:00'),
(162, 1, '2022-06-11', '432000', 4, 'Ini-Dia-Bukti-Transfer-Mandiri-Dari-ATM-mBanking-dan-Internet-Banking-Mandiri-11.jpg', '2023-10-16 22:00:00'),
(163, 1, '2022-06-12', '783000', 4, 'Ini-Dia-Bukti-Transfer-Mandiri-Dari-ATM-mBanking-dan-Internet-Banking-Mandiri-11.jpg', '2023-10-16 22:00:00'),
(164, 1, '2022-06-13', '756000', 4, 'Ini-Dia-Bukti-Transfer-Mandiri-Dari-ATM-mBanking-dan-Internet-Banking-Mandiri-11.jpg', '2023-10-16 22:00:00'),
(165, 2, '2022-06-14', '598000', 4, 'Ini-Dia-Bukti-Transfer-Mandiri-Dari-ATM-mBanking-dan-Internet-Banking-Mandiri-11.jpg', '2023-10-16 22:00:00'),
(166, 2, '2022-06-15', '680000', 4, 'Ini-Dia-Bukti-Transfer-Mandiri-Dari-ATM-mBanking-dan-Internet-Banking-Mandiri-11.jpg', '2023-10-16 22:00:00'),
(167, 2, '2022-06-16', '780000', 4, 'Ini-Dia-Bukti-Transfer-Mandiri-Dari-ATM-mBanking-dan-Internet-Banking-Mandiri-11.jpg', '2023-10-16 22:00:00'),
(168, 2, '2022-06-17', '560000', 4, 'Ini-Dia-Bukti-Transfer-Mandiri-Dari-ATM-mBanking-dan-Internet-Banking-Mandiri-11.jpg', '2023-10-16 22:00:00'),
(169, 2, '2022-06-18', '280000', 4, 'Ini-Dia-Bukti-Transfer-Mandiri-Dari-ATM-mBanking-dan-Internet-Banking-Mandiri-11.jpg', '2023-10-16 22:00:00'),
(170, 2, '2022-06-19', '195500', 4, 'Ini-Dia-Bukti-Transfer-Mandiri-Dari-ATM-mBanking-dan-Internet-Banking-Mandiri-11.jpg', '2023-10-16 22:00:00'),
(171, 2, '2022-06-20', '980000', 4, 'Ini-Dia-Bukti-Transfer-Mandiri-Dari-ATM-mBanking-dan-Internet-Banking-Mandiri-11.jpg', '2023-10-16 22:00:00'),
(172, 2, '2022-06-21', '640000', 4, 'Ini-Dia-Bukti-Transfer-Mandiri-Dari-ATM-mBanking-dan-Internet-Banking-Mandiri-11.jpg', '2023-10-16 22:00:00'),
(173, 2, '2022-06-22', '160000', 4, 'Ini-Dia-Bukti-Transfer-Mandiri-Dari-ATM-mBanking-dan-Internet-Banking-Mandiri-11.jpg', '2023-10-16 22:00:00'),
(174, 2, '2022-06-23', '586500', 4, 'Ini-Dia-Bukti-Transfer-Mandiri-Dari-ATM-mBanking-dan-Internet-Banking-Mandiri-11.jpg', '2023-10-16 22:00:00'),
(175, 2, '2022-06-24', '1058000', 4, 'Ini-Dia-Bukti-Transfer-Mandiri-Dari-ATM-mBanking-dan-Internet-Banking-Mandiri-11.jpg', '2023-10-16 22:00:00'),
(176, 1, '2022-06-25', '230000', 4, 'Ini-Dia-Bukti-Transfer-Mandiri-Dari-ATM-mBanking-dan-Internet-Banking-Mandiri-11.jpg', '2023-10-16 22:00:00'),
(177, 2, '2022-06-26', '816500', 4, 'Ini-Dia-Bukti-Transfer-Mandiri-Dari-ATM-mBanking-dan-Internet-Banking-Mandiri-11.jpg', '2023-10-16 22:00:00'),
(178, 1, '2022-06-27', '720000', 4, 'Ini-Dia-Bukti-Transfer-Mandiri-Dari-ATM-mBanking-dan-Internet-Banking-Mandiri-11.jpg', '2023-10-16 22:00:00'),
(179, 2, '2022-06-28', '333500', 4, 'Ini-Dia-Bukti-Transfer-Mandiri-Dari-ATM-mBanking-dan-Internet-Banking-Mandiri-11.jpg', '2023-10-16 22:00:00'),
(180, 2, '2022-06-29', '100000', 4, 'Ini-Dia-Bukti-Transfer-Mandiri-Dari-ATM-mBanking-dan-Internet-Banking-Mandiri-11.jpg', '2023-10-16 22:00:00'),
(181, 1, '2022-06-30', '750000', 4, 'Ini-Dia-Bukti-Transfer-Mandiri-Dari-ATM-mBanking-dan-Internet-Banking-Mandiri-11.jpg', '2023-10-16 22:00:00'),
(182, 1, '2022-07-01', '378000', 4, 'Ini-Dia-Bukti-Transfer-Mandiri-Dari-ATM-mBanking-dan-Internet-Banking-Mandiri-11.jpg', '2023-10-16 22:00:00'),
(183, 1, '2022-07-02', '702000', 4, 'Ini-Dia-Bukti-Transfer-Mandiri-Dari-ATM-mBanking-dan-Internet-Banking-Mandiri-11.jpg', '2023-10-16 22:00:00'),
(184, 2, '2022-07-03', '195500', 4, 'Ini-Dia-Bukti-Transfer-Mandiri-Dari-ATM-mBanking-dan-Internet-Banking-Mandiri-11.jpg', '2023-10-16 22:00:00'),
(185, 1, '2022-07-04', '510000', 4, 'Ini-Dia-Bukti-Transfer-Mandiri-Dari-ATM-mBanking-dan-Internet-Banking-Mandiri-11.jpg', '2023-10-16 22:00:00'),
(186, 1, '2022-07-05', '160000', 4, 'Ini-Dia-Bukti-Transfer-Mandiri-Dari-ATM-mBanking-dan-Internet-Banking-Mandiri-11.jpg', '2023-10-16 22:00:00'),
(187, 2, '2022-07-06', '1000500', 4, 'Ini-Dia-Bukti-Transfer-Mandiri-Dari-ATM-mBanking-dan-Internet-Banking-Mandiri-11.jpg', '2023-10-16 22:00:00'),
(188, 1, '2022-07-07', '390000', 4, 'Ini-Dia-Bukti-Transfer-Mandiri-Dari-ATM-mBanking-dan-Internet-Banking-Mandiri-11.jpg', '2023-10-16 22:00:00'),
(189, 2, '2022-07-08', '540500', 4, 'Ini-Dia-Bukti-Transfer-Mandiri-Dari-ATM-mBanking-dan-Internet-Banking-Mandiri-11.jpg', '2023-10-16 22:00:00'),
(190, 1, '2022-07-09', '910000', 4, 'Ini-Dia-Bukti-Transfer-Mandiri-Dari-ATM-mBanking-dan-Internet-Banking-Mandiri-11.jpg', '2023-10-16 22:00:00'),
(191, 2, '2022-07-10', '667000', 4, 'Ini-Dia-Bukti-Transfer-Mandiri-Dari-ATM-mBanking-dan-Internet-Banking-Mandiri-11.jpg', '2023-10-16 22:00:00'),
(192, 2, '2022-07-11', '340000', 4, 'Ini-Dia-Bukti-Transfer-Mandiri-Dari-ATM-mBanking-dan-Internet-Banking-Mandiri-11.jpg', '2023-10-16 22:00:00'),
(193, 1, '2022-07-12', '330000', 4, 'Ini-Dia-Bukti-Transfer-Mandiri-Dari-ATM-mBanking-dan-Internet-Banking-Mandiri-11.jpg', '2023-10-16 22:00:00'),
(194, 2, '2022-07-13', '660000', 4, 'Ini-Dia-Bukti-Transfer-Mandiri-Dari-ATM-mBanking-dan-Internet-Banking-Mandiri-11.jpg', '2023-10-16 22:00:00'),
(195, 1, '2022-07-14', '580000', 4, 'Ini-Dia-Bukti-Transfer-Mandiri-Dari-ATM-mBanking-dan-Internet-Banking-Mandiri-11.jpg', '2023-10-16 22:00:00'),
(196, 1, '2022-07-15', '513000', 4, 'Ini-Dia-Bukti-Transfer-Mandiri-Dari-ATM-mBanking-dan-Internet-Banking-Mandiri-11.jpg', '2023-10-16 22:00:00'),
(197, 2, '2022-07-16', '897000', 4, 'Ini-Dia-Bukti-Transfer-Mandiri-Dari-ATM-mBanking-dan-Internet-Banking-Mandiri-11.jpg', '2023-10-16 22:00:00'),
(198, 1, '2022-07-17', '560000', 4, 'Ini-Dia-Bukti-Transfer-Mandiri-Dari-ATM-mBanking-dan-Internet-Banking-Mandiri-11.jpg', '2023-10-16 22:00:00'),
(199, 1, '2022-07-18', '500000', 4, 'Ini-Dia-Bukti-Transfer-Mandiri-Dari-ATM-mBanking-dan-Internet-Banking-Mandiri-11.jpg', '2023-10-16 22:00:00'),
(200, 2, '2022-07-19', '839500', 4, 'Ini-Dia-Bukti-Transfer-Mandiri-Dari-ATM-mBanking-dan-Internet-Banking-Mandiri-11.jpg', '2023-10-16 22:00:00'),
(201, 2, '2022-07-20', '640000', 4, 'Ini-Dia-Bukti-Transfer-Mandiri-Dari-ATM-mBanking-dan-Internet-Banking-Mandiri-11.jpg', '2023-10-16 22:00:00'),
(202, 2, '2022-07-21', '920000', 4, 'Ini-Dia-Bukti-Transfer-Mandiri-Dari-ATM-mBanking-dan-Internet-Banking-Mandiri-11.jpg', '2023-10-16 22:00:00'),
(203, 2, '2022-07-22', '810000', 4, 'Ini-Dia-Bukti-Transfer-Mandiri-Dari-ATM-mBanking-dan-Internet-Banking-Mandiri-11.jpg', '2023-10-16 22:00:00'),
(204, 2, '2022-07-23', '560000', 4, 'Ini-Dia-Bukti-Transfer-Mandiri-Dari-ATM-mBanking-dan-Internet-Banking-Mandiri-11.jpg', '2023-10-16 22:00:00'),
(205, 2, '2022-07-24', '110000', 4, 'Ini-Dia-Bukti-Transfer-Mandiri-Dari-ATM-mBanking-dan-Internet-Banking-Mandiri-11.jpg', '2023-10-16 22:00:00'),
(206, 1, '2022-07-25', '800000', 4, 'Ini-Dia-Bukti-Transfer-Mandiri-Dari-ATM-mBanking-dan-Internet-Banking-Mandiri-11.jpg', '2023-10-16 22:00:00'),
(207, 1, '2022-07-26', '567000', 4, 'Ini-Dia-Bukti-Transfer-Mandiri-Dari-ATM-mBanking-dan-Internet-Banking-Mandiri-11.jpg', '2023-10-16 22:00:00'),
(208, 2, '2022-07-27', '970000', 4, 'Ini-Dia-Bukti-Transfer-Mandiri-Dari-ATM-mBanking-dan-Internet-Banking-Mandiri-11.jpg', '2023-10-16 22:00:00'),
(209, 2, '2022-07-28', '264500', 4, 'Ini-Dia-Bukti-Transfer-Mandiri-Dari-ATM-mBanking-dan-Internet-Banking-Mandiri-11.jpg', '2023-10-16 22:00:00'),
(210, 1, '2022-07-29', '420000', 4, 'Ini-Dia-Bukti-Transfer-Mandiri-Dari-ATM-mBanking-dan-Internet-Banking-Mandiri-11.jpg', '2023-10-16 22:00:00'),
(211, 1, '2022-07-30', '450000', 4, 'Ini-Dia-Bukti-Transfer-Mandiri-Dari-ATM-mBanking-dan-Internet-Banking-Mandiri-11.jpg', '2023-10-16 22:00:00'),
(212, 1, '2022-07-31', '585000', 4, 'Ini-Dia-Bukti-Transfer-Mandiri-Dari-ATM-mBanking-dan-Internet-Banking-Mandiri-11.jpg', '2023-10-16 22:00:00'),
(213, 2, '2022-08-01', '450000', 4, 'Ini-Dia-Bukti-Transfer-Mandiri-Dari-ATM-mBanking-dan-Internet-Banking-Mandiri-11.jpg', '2023-10-16 22:00:00'),
(214, 1, '2022-08-02', '846000', 4, 'Ini-Dia-Bukti-Transfer-Mandiri-Dari-ATM-mBanking-dan-Internet-Banking-Mandiri-11.jpg', '2023-10-16 22:00:00'),
(215, 2, '2022-08-03', '414000', 4, 'Ini-Dia-Bukti-Transfer-Mandiri-Dari-ATM-mBanking-dan-Internet-Banking-Mandiri-11.jpg', '2023-10-16 22:00:00'),
(216, 2, '2022-08-04', '120000', 4, 'Ini-Dia-Bukti-Transfer-Mandiri-Dari-ATM-mBanking-dan-Internet-Banking-Mandiri-11.jpg', '2023-10-16 22:00:00'),
(217, 1, '2022-08-05', '480000', 4, 'Ini-Dia-Bukti-Transfer-Mandiri-Dari-ATM-mBanking-dan-Internet-Banking-Mandiri-11.jpg', '2023-10-16 22:00:00'),
(218, 2, '2022-08-06', '510000', 4, 'Ini-Dia-Bukti-Transfer-Mandiri-Dari-ATM-mBanking-dan-Internet-Banking-Mandiri-11.jpg', '2023-10-16 22:00:00'),
(219, 1, '2022-08-07', '162000', 4, 'Ini-Dia-Bukti-Transfer-Mandiri-Dari-ATM-mBanking-dan-Internet-Banking-Mandiri-11.jpg', '2023-10-16 22:00:00'),
(220, 2, '2022-08-08', '570000', 4, 'Ini-Dia-Bukti-Transfer-Mandiri-Dari-ATM-mBanking-dan-Internet-Banking-Mandiri-11.jpg', '2023-10-16 22:00:00'),
(221, 2, '2022-08-09', '110000', 4, 'Ini-Dia-Bukti-Transfer-Mandiri-Dari-ATM-mBanking-dan-Internet-Banking-Mandiri-11.jpg', '2023-10-16 22:00:00'),
(222, 1, '2022-08-10', '882000', 4, 'Ini-Dia-Bukti-Transfer-Mandiri-Dari-ATM-mBanking-dan-Internet-Banking-Mandiri-11.jpg', '2023-10-16 22:00:00'),
(223, 1, '2022-08-11', '774000', 4, 'Ini-Dia-Bukti-Transfer-Mandiri-Dari-ATM-mBanking-dan-Internet-Banking-Mandiri-11.jpg', '2023-10-16 22:00:00'),
(224, 1, '2022-08-12', '270000', 4, 'Ini-Dia-Bukti-Transfer-Mandiri-Dari-ATM-mBanking-dan-Internet-Banking-Mandiri-11.jpg', '2023-10-16 22:00:00'),
(225, 2, '2022-08-13', '782000', 4, 'Ini-Dia-Bukti-Transfer-Mandiri-Dari-ATM-mBanking-dan-Internet-Banking-Mandiri-11.jpg', '2023-10-16 22:00:00'),
(226, 2, '2022-08-14', '620000', 4, 'Ini-Dia-Bukti-Transfer-Mandiri-Dari-ATM-mBanking-dan-Internet-Banking-Mandiri-11.jpg', '2023-10-16 22:00:00'),
(227, 1, '2022-08-15', '720000', 4, 'Ini-Dia-Bukti-Transfer-Mandiri-Dari-ATM-mBanking-dan-Internet-Banking-Mandiri-11.jpg', '2023-10-16 22:00:00'),
(228, 2, '2022-08-16', '330000', 4, 'Ini-Dia-Bukti-Transfer-Mandiri-Dari-ATM-mBanking-dan-Internet-Banking-Mandiri-11.jpg', '2023-10-16 22:00:00'),
(229, 1, '2022-08-17', '180000', 4, 'Ini-Dia-Bukti-Transfer-Mandiri-Dari-ATM-mBanking-dan-Internet-Banking-Mandiri-11.jpg', '2023-10-16 22:00:00'),
(230, 2, '2022-08-18', '260000', 4, 'Ini-Dia-Bukti-Transfer-Mandiri-Dari-ATM-mBanking-dan-Internet-Banking-Mandiri-11.jpg', '2023-10-16 22:00:00'),
(231, 2, '2022-08-19', '250000', 4, 'Ini-Dia-Bukti-Transfer-Mandiri-Dari-ATM-mBanking-dan-Internet-Banking-Mandiri-11.jpg', '2023-10-16 22:00:00'),
(232, 1, '2022-08-20', '400000', 4, 'Ini-Dia-Bukti-Transfer-Mandiri-Dari-ATM-mBanking-dan-Internet-Banking-Mandiri-11.jpg', '2023-10-16 22:00:00'),
(233, 1, '2022-08-21', '873000', 4, 'Ini-Dia-Bukti-Transfer-Mandiri-Dari-ATM-mBanking-dan-Internet-Banking-Mandiri-11.jpg', '2023-10-16 22:00:00'),
(234, 1, '2022-08-22', '567000', 4, 'Ini-Dia-Bukti-Transfer-Mandiri-Dari-ATM-mBanking-dan-Internet-Banking-Mandiri-11.jpg', '2023-10-16 22:00:00'),
(235, 2, '2022-08-23', '550000', 4, 'Ini-Dia-Bukti-Transfer-Mandiri-Dari-ATM-mBanking-dan-Internet-Banking-Mandiri-11.jpg', '2023-10-16 22:00:00'),
(236, 1, '2022-08-24', '550000', 4, 'Ini-Dia-Bukti-Transfer-Mandiri-Dari-ATM-mBanking-dan-Internet-Banking-Mandiri-11.jpg', '2023-10-16 22:00:00'),
(237, 1, '2022-08-25', '230000', 4, 'Ini-Dia-Bukti-Transfer-Mandiri-Dari-ATM-mBanking-dan-Internet-Banking-Mandiri-11.jpg', '2023-10-16 22:00:00'),
(238, 2, '2022-08-26', '793500', 4, 'Ini-Dia-Bukti-Transfer-Mandiri-Dari-ATM-mBanking-dan-Internet-Banking-Mandiri-11.jpg', '2023-10-16 22:00:00'),
(239, 2, '2022-08-27', '310500', 4, 'Ini-Dia-Bukti-Transfer-Mandiri-Dari-ATM-mBanking-dan-Internet-Banking-Mandiri-11.jpg', '2023-10-16 22:00:00'),
(240, 2, '2022-08-28', '402500', 4, 'Ini-Dia-Bukti-Transfer-Mandiri-Dari-ATM-mBanking-dan-Internet-Banking-Mandiri-11.jpg', '2023-10-16 22:00:00'),
(241, 1, '2022-08-29', '261000', 4, 'Ini-Dia-Bukti-Transfer-Mandiri-Dari-ATM-mBanking-dan-Internet-Banking-Mandiri-11.jpg', '2023-10-16 22:00:00'),
(242, 1, '2022-08-30', '315000', 4, 'Ini-Dia-Bukti-Transfer-Mandiri-Dari-ATM-mBanking-dan-Internet-Banking-Mandiri-11.jpg', '2023-10-16 22:00:00'),
(243, 2, '2022-08-31', '920000', 4, 'Ini-Dia-Bukti-Transfer-Mandiri-Dari-ATM-mBanking-dan-Internet-Banking-Mandiri-11.jpg', '2023-10-16 22:00:00'),
(244, 1, '2022-09-01', '252000', 4, 'Ini-Dia-Bukti-Transfer-Mandiri-Dari-ATM-mBanking-dan-Internet-Banking-Mandiri-11.jpg', '2023-10-16 22:00:00'),
(245, 1, '2022-09-02', '684000', 4, 'Ini-Dia-Bukti-Transfer-Mandiri-Dari-ATM-mBanking-dan-Internet-Banking-Mandiri-11.jpg', '2023-10-16 22:00:00'),
(246, 2, '2022-09-03', '590000', 4, 'Ini-Dia-Bukti-Transfer-Mandiri-Dari-ATM-mBanking-dan-Internet-Banking-Mandiri-11.jpg', '2023-10-16 22:00:00'),
(247, 1, '2022-09-04', '350000', 4, 'Ini-Dia-Bukti-Transfer-Mandiri-Dari-ATM-mBanking-dan-Internet-Banking-Mandiri-11.jpg', '2023-10-16 22:00:00'),
(248, 1, '2022-09-05', '252000', 4, 'Ini-Dia-Bukti-Transfer-Mandiri-Dari-ATM-mBanking-dan-Internet-Banking-Mandiri-11.jpg', '2023-10-16 22:00:00'),
(249, 2, '2022-09-06', '184000', 4, 'Ini-Dia-Bukti-Transfer-Mandiri-Dari-ATM-mBanking-dan-Internet-Banking-Mandiri-11.jpg', '2023-10-16 22:00:00'),
(250, 2, '2022-09-07', '1115500', 4, 'Ini-Dia-Bukti-Transfer-Mandiri-Dari-ATM-mBanking-dan-Internet-Banking-Mandiri-11.jpg', '2023-10-16 22:00:00'),
(251, 1, '2022-09-08', '370000', 4, 'Ini-Dia-Bukti-Transfer-Mandiri-Dari-ATM-mBanking-dan-Internet-Banking-Mandiri-11.jpg', '2023-10-16 22:00:00'),
(252, 1, '2022-09-09', '480000', 4, 'Ini-Dia-Bukti-Transfer-Mandiri-Dari-ATM-mBanking-dan-Internet-Banking-Mandiri-11.jpg', '2023-10-16 22:00:00'),
(253, 1, '2022-09-10', '558000', 4, 'Ini-Dia-Bukti-Transfer-Mandiri-Dari-ATM-mBanking-dan-Internet-Banking-Mandiri-11.jpg', '2023-10-16 22:00:00'),
(254, 1, '2022-09-11', '855000', 4, 'Ini-Dia-Bukti-Transfer-Mandiri-Dari-ATM-mBanking-dan-Internet-Banking-Mandiri-11.jpg', '2023-10-16 22:00:00'),
(255, 2, '2022-09-12', '440000', 4, 'Ini-Dia-Bukti-Transfer-Mandiri-Dari-ATM-mBanking-dan-Internet-Banking-Mandiri-11.jpg', '2023-10-16 22:00:00'),
(256, 2, '2022-09-13', '850000', 4, 'Ini-Dia-Bukti-Transfer-Mandiri-Dari-ATM-mBanking-dan-Internet-Banking-Mandiri-11.jpg', '2023-10-16 22:00:00'),
(257, 1, '2022-09-14', '171000', 4, 'Ini-Dia-Bukti-Transfer-Mandiri-Dari-ATM-mBanking-dan-Internet-Banking-Mandiri-11.jpg', '2023-10-16 22:00:00'),
(258, 2, '2022-09-15', '670000', 4, 'Ini-Dia-Bukti-Transfer-Mandiri-Dari-ATM-mBanking-dan-Internet-Banking-Mandiri-11.jpg', '2023-10-16 22:00:00'),
(259, 2, '2022-09-16', '1035000', 4, 'Ini-Dia-Bukti-Transfer-Mandiri-Dari-ATM-mBanking-dan-Internet-Banking-Mandiri-11.jpg', '2023-10-16 22:00:00'),
(260, 1, '2022-09-17', '710000', 4, 'Ini-Dia-Bukti-Transfer-Mandiri-Dari-ATM-mBanking-dan-Internet-Banking-Mandiri-11.jpg', '2023-10-16 22:00:00'),
(261, 1, '2022-09-18', '240000', 4, 'Ini-Dia-Bukti-Transfer-Mandiri-Dari-ATM-mBanking-dan-Internet-Banking-Mandiri-11.jpg', '2023-10-16 22:00:00'),
(262, 2, '2022-09-19', '368000', 4, 'Ini-Dia-Bukti-Transfer-Mandiri-Dari-ATM-mBanking-dan-Internet-Banking-Mandiri-11.jpg', '2023-10-16 22:00:00'),
(263, 2, '2022-09-20', '862500', 4, 'Ini-Dia-Bukti-Transfer-Mandiri-Dari-ATM-mBanking-dan-Internet-Banking-Mandiri-11.jpg', '2023-10-16 22:00:00'),
(264, 1, '2022-09-21', '730000', 4, 'Ini-Dia-Bukti-Transfer-Mandiri-Dari-ATM-mBanking-dan-Internet-Banking-Mandiri-11.jpg', '2023-10-16 22:00:00'),
(265, 2, '2022-09-22', '580000', 4, 'Ini-Dia-Bukti-Transfer-Mandiri-Dari-ATM-mBanking-dan-Internet-Banking-Mandiri-11.jpg', '2023-10-16 22:00:00'),
(266, 2, '2022-09-23', '620000', 4, 'Ini-Dia-Bukti-Transfer-Mandiri-Dari-ATM-mBanking-dan-Internet-Banking-Mandiri-11.jpg', '2023-10-16 22:00:00'),
(267, 2, '2022-09-24', '170000', 4, 'Ini-Dia-Bukti-Transfer-Mandiri-Dari-ATM-mBanking-dan-Internet-Banking-Mandiri-11.jpg', '2023-10-16 22:00:00'),
(268, 1, '2022-09-25', '117000', 4, 'Ini-Dia-Bukti-Transfer-Mandiri-Dari-ATM-mBanking-dan-Internet-Banking-Mandiri-11.jpg', '2023-10-16 22:00:00'),
(269, 2, '2022-09-26', '860000', 4, 'Ini-Dia-Bukti-Transfer-Mandiri-Dari-ATM-mBanking-dan-Internet-Banking-Mandiri-11.jpg', '2023-10-16 22:00:00'),
(270, 1, '2022-09-27', '657000', 4, 'Ini-Dia-Bukti-Transfer-Mandiri-Dari-ATM-mBanking-dan-Internet-Banking-Mandiri-11.jpg', '2023-10-16 22:00:00'),
(271, 2, '2022-09-28', '880000', 4, 'Ini-Dia-Bukti-Transfer-Mandiri-Dari-ATM-mBanking-dan-Internet-Banking-Mandiri-11.jpg', '2023-10-16 22:00:00'),
(272, 1, '2022-09-29', '210000', 4, 'Ini-Dia-Bukti-Transfer-Mandiri-Dari-ATM-mBanking-dan-Internet-Banking-Mandiri-11.jpg', '2023-10-16 22:00:00'),
(273, 1, '2022-09-30', '700000', 4, 'Ini-Dia-Bukti-Transfer-Mandiri-Dari-ATM-mBanking-dan-Internet-Banking-Mandiri-11.jpg', '2023-10-16 22:00:00'),
(274, 1, '2022-10-01', '873000', 4, 'Ini-Dia-Bukti-Transfer-Mandiri-Dari-ATM-mBanking-dan-Internet-Banking-Mandiri-11.jpg', '2023-10-16 22:00:00'),
(275, 1, '2022-10-02', '740000', 4, 'Ini-Dia-Bukti-Transfer-Mandiri-Dari-ATM-mBanking-dan-Internet-Banking-Mandiri-11.jpg', '2023-10-16 22:00:00'),
(276, 1, '2022-10-03', '790000', 4, 'Ini-Dia-Bukti-Transfer-Mandiri-Dari-ATM-mBanking-dan-Internet-Banking-Mandiri-11.jpg', '2023-10-16 22:00:00'),
(277, 1, '2022-10-04', '774000', 4, 'Ini-Dia-Bukti-Transfer-Mandiri-Dari-ATM-mBanking-dan-Internet-Banking-Mandiri-11.jpg', '2023-10-16 22:00:00'),
(278, 2, '2022-10-05', '345000', 4, 'Ini-Dia-Bukti-Transfer-Mandiri-Dari-ATM-mBanking-dan-Internet-Banking-Mandiri-11.jpg', '2023-10-16 22:00:00'),
(279, 1, '2022-10-06', '480000', 4, 'Ini-Dia-Bukti-Transfer-Mandiri-Dari-ATM-mBanking-dan-Internet-Banking-Mandiri-11.jpg', '2023-10-16 22:00:00'),
(280, 1, '2022-10-07', '666000', 4, 'Ini-Dia-Bukti-Transfer-Mandiri-Dari-ATM-mBanking-dan-Internet-Banking-Mandiri-11.jpg', '2023-10-16 22:00:00'),
(281, 1, '2022-10-08', '410000', 4, 'Ini-Dia-Bukti-Transfer-Mandiri-Dari-ATM-mBanking-dan-Internet-Banking-Mandiri-11.jpg', '2023-10-16 22:00:00'),
(282, 1, '2022-10-09', '210000', 4, 'Ini-Dia-Bukti-Transfer-Mandiri-Dari-ATM-mBanking-dan-Internet-Banking-Mandiri-11.jpg', '2023-10-16 22:00:00'),
(283, 1, '2022-10-10', '350000', 4, 'Ini-Dia-Bukti-Transfer-Mandiri-Dari-ATM-mBanking-dan-Internet-Banking-Mandiri-11.jpg', '2023-10-16 22:00:00'),
(284, 2, '2022-10-11', '575000', 4, 'Ini-Dia-Bukti-Transfer-Mandiri-Dari-ATM-mBanking-dan-Internet-Banking-Mandiri-11.jpg', '2023-10-16 22:00:00'),
(285, 2, '2022-10-12', '810000', 4, 'Ini-Dia-Bukti-Transfer-Mandiri-Dari-ATM-mBanking-dan-Internet-Banking-Mandiri-11.jpg', '2023-10-16 22:00:00'),
(286, 1, '2022-10-13', '630000', 4, 'Ini-Dia-Bukti-Transfer-Mandiri-Dari-ATM-mBanking-dan-Internet-Banking-Mandiri-11.jpg', '2023-10-16 22:00:00'),
(287, 1, '2022-10-14', '680000', 4, 'Ini-Dia-Bukti-Transfer-Mandiri-Dari-ATM-mBanking-dan-Internet-Banking-Mandiri-11.jpg', '2023-10-16 22:00:00'),
(288, 2, '2022-10-15', '885500', 4, 'Ini-Dia-Bukti-Transfer-Mandiri-Dari-ATM-mBanking-dan-Internet-Banking-Mandiri-11.jpg', '2023-10-16 22:00:00'),
(289, 1, '2022-10-16', '170000', 4, 'Ini-Dia-Bukti-Transfer-Mandiri-Dari-ATM-mBanking-dan-Internet-Banking-Mandiri-11.jpg', '2023-10-16 22:00:00'),
(290, 1, '2022-10-17', '320000', 4, 'Ini-Dia-Bukti-Transfer-Mandiri-Dari-ATM-mBanking-dan-Internet-Banking-Mandiri-11.jpg', '2023-10-16 22:00:00'),
(291, 2, '2022-10-18', '980000', 4, 'Ini-Dia-Bukti-Transfer-Mandiri-Dari-ATM-mBanking-dan-Internet-Banking-Mandiri-11.jpg', '2023-10-16 22:00:00'),
(292, 1, '2022-10-19', '950000', 4, 'Ini-Dia-Bukti-Transfer-Mandiri-Dari-ATM-mBanking-dan-Internet-Banking-Mandiri-11.jpg', '2023-10-16 22:00:00'),
(293, 1, '2022-10-20', '400000', 4, 'Ini-Dia-Bukti-Transfer-Mandiri-Dari-ATM-mBanking-dan-Internet-Banking-Mandiri-11.jpg', '2023-10-16 22:00:00'),
(294, 1, '2022-10-21', '153000', 4, 'Ini-Dia-Bukti-Transfer-Mandiri-Dari-ATM-mBanking-dan-Internet-Banking-Mandiri-11.jpg', '2023-10-16 22:00:00'),
(295, 2, '2022-10-22', '490000', 4, 'Ini-Dia-Bukti-Transfer-Mandiri-Dari-ATM-mBanking-dan-Internet-Banking-Mandiri-11.jpg', '2023-10-16 22:00:00'),
(296, 2, '2022-10-23', '529000', 4, 'Ini-Dia-Bukti-Transfer-Mandiri-Dari-ATM-mBanking-dan-Internet-Banking-Mandiri-11.jpg', '2023-10-16 22:00:00'),
(297, 1, '2022-10-24', '680000', 4, 'Ini-Dia-Bukti-Transfer-Mandiri-Dari-ATM-mBanking-dan-Internet-Banking-Mandiri-11.jpg', '2023-10-16 22:00:00'),
(298, 1, '2022-10-25', '846000', 4, 'Ini-Dia-Bukti-Transfer-Mandiri-Dari-ATM-mBanking-dan-Internet-Banking-Mandiri-11.jpg', '2023-10-16 22:00:00'),
(299, 1, '2022-10-26', '950000', 4, 'Ini-Dia-Bukti-Transfer-Mandiri-Dari-ATM-mBanking-dan-Internet-Banking-Mandiri-11.jpg', '2023-10-16 22:00:00'),
(300, 2, '2022-10-27', '150000', 4, 'Ini-Dia-Bukti-Transfer-Mandiri-Dari-ATM-mBanking-dan-Internet-Banking-Mandiri-11.jpg', '2023-10-16 22:00:00'),
(301, 1, '2022-10-28', '500000', 4, 'Ini-Dia-Bukti-Transfer-Mandiri-Dari-ATM-mBanking-dan-Internet-Banking-Mandiri-11.jpg', '2023-10-16 22:00:00'),
(302, 1, '2022-10-29', '890000', 4, 'Ini-Dia-Bukti-Transfer-Mandiri-Dari-ATM-mBanking-dan-Internet-Banking-Mandiri-11.jpg', '2023-10-16 22:00:00'),
(303, 2, '2022-10-30', '110000', 4, 'Ini-Dia-Bukti-Transfer-Mandiri-Dari-ATM-mBanking-dan-Internet-Banking-Mandiri-11.jpg', '2023-10-16 22:00:00'),
(304, 2, '2022-10-31', '839500', 4, 'Ini-Dia-Bukti-Transfer-Mandiri-Dari-ATM-mBanking-dan-Internet-Banking-Mandiri-11.jpg', '2023-10-16 22:00:00'),
(305, 1, '2022-11-01', '450000', 4, 'Ini-Dia-Bukti-Transfer-Mandiri-Dari-ATM-mBanking-dan-Internet-Banking-Mandiri-11.jpg', '2023-10-16 22:00:00'),
(306, 2, '2022-11-02', '1046500', 4, 'Ini-Dia-Bukti-Transfer-Mandiri-Dari-ATM-mBanking-dan-Internet-Banking-Mandiri-11.jpg', '2023-10-16 22:00:00'),
(307, 1, '2022-11-03', '504000', 4, 'Ini-Dia-Bukti-Transfer-Mandiri-Dari-ATM-mBanking-dan-Internet-Banking-Mandiri-11.jpg', '2023-10-16 22:00:00'),
(308, 1, '2022-11-04', '387000', 4, 'Ini-Dia-Bukti-Transfer-Mandiri-Dari-ATM-mBanking-dan-Internet-Banking-Mandiri-11.jpg', '2023-10-16 22:00:00'),
(309, 2, '2022-11-05', '770500', 4, 'Ini-Dia-Bukti-Transfer-Mandiri-Dari-ATM-mBanking-dan-Internet-Banking-Mandiri-11.jpg', '2023-10-16 22:00:00'),
(310, 1, '2022-11-06', '891000', 4, 'Ini-Dia-Bukti-Transfer-Mandiri-Dari-ATM-mBanking-dan-Internet-Banking-Mandiri-11.jpg', '2023-10-16 22:00:00'),
(311, 1, '2022-11-07', '657000', 4, 'Ini-Dia-Bukti-Transfer-Mandiri-Dari-ATM-mBanking-dan-Internet-Banking-Mandiri-11.jpg', '2023-10-16 22:00:00'),
(312, 2, '2022-11-08', '161000', 4, 'Ini-Dia-Bukti-Transfer-Mandiri-Dari-ATM-mBanking-dan-Internet-Banking-Mandiri-11.jpg', '2023-10-16 22:00:00'),
(313, 2, '2022-11-09', '540000', 4, 'Ini-Dia-Bukti-Transfer-Mandiri-Dari-ATM-mBanking-dan-Internet-Banking-Mandiri-11.jpg', '2023-10-16 22:00:00'),
(314, 1, '2022-11-10', '837000', 4, 'Ini-Dia-Bukti-Transfer-Mandiri-Dari-ATM-mBanking-dan-Internet-Banking-Mandiri-11.jpg', '2023-10-16 22:00:00'),
(315, 2, '2022-11-11', '250000', 4, 'Ini-Dia-Bukti-Transfer-Mandiri-Dari-ATM-mBanking-dan-Internet-Banking-Mandiri-11.jpg', '2023-10-16 22:00:00'),
(316, 1, '2022-11-12', '740000', 4, 'Ini-Dia-Bukti-Transfer-Mandiri-Dari-ATM-mBanking-dan-Internet-Banking-Mandiri-11.jpg', '2023-10-16 22:00:00'),
(317, 1, '2022-11-13', '700000', 4, 'Ini-Dia-Bukti-Transfer-Mandiri-Dari-ATM-mBanking-dan-Internet-Banking-Mandiri-11.jpg', '2023-10-16 22:00:00'),
(318, 1, '2022-11-14', '690000', 4, 'Ini-Dia-Bukti-Transfer-Mandiri-Dari-ATM-mBanking-dan-Internet-Banking-Mandiri-11.jpg', '2023-10-16 22:00:00'),
(319, 2, '2022-11-15', '110000', 4, 'Ini-Dia-Bukti-Transfer-Mandiri-Dari-ATM-mBanking-dan-Internet-Banking-Mandiri-11.jpg', '2023-10-16 22:00:00'),
(320, 2, '2022-11-16', '270000', 4, 'Ini-Dia-Bukti-Transfer-Mandiri-Dari-ATM-mBanking-dan-Internet-Banking-Mandiri-11.jpg', '2023-10-16 22:00:00'),
(321, 1, '2022-11-17', '590000', 4, 'Ini-Dia-Bukti-Transfer-Mandiri-Dari-ATM-mBanking-dan-Internet-Banking-Mandiri-11.jpg', '2023-10-16 22:00:00'),
(322, 2, '2022-11-18', '270000', 4, 'Ini-Dia-Bukti-Transfer-Mandiri-Dari-ATM-mBanking-dan-Internet-Banking-Mandiri-11.jpg', '2023-10-16 22:00:00'),
(323, 2, '2022-11-19', '540500', 4, 'Ini-Dia-Bukti-Transfer-Mandiri-Dari-ATM-mBanking-dan-Internet-Banking-Mandiri-11.jpg', '2023-10-16 22:00:00'),
(324, 2, '2022-11-20', '1000000', 4, 'Ini-Dia-Bukti-Transfer-Mandiri-Dari-ATM-mBanking-dan-Internet-Banking-Mandiri-11.jpg', '2023-10-16 22:00:00'),
(325, 1, '2022-11-21', '891000', 4, 'Ini-Dia-Bukti-Transfer-Mandiri-Dari-ATM-mBanking-dan-Internet-Banking-Mandiri-11.jpg', '2023-10-16 22:00:00'),
(326, 2, '2022-11-22', '138000', 4, 'Ini-Dia-Bukti-Transfer-Mandiri-Dari-ATM-mBanking-dan-Internet-Banking-Mandiri-11.jpg', '2023-10-16 22:00:00'),
(327, 1, '2022-11-23', '410000', 4, 'Ini-Dia-Bukti-Transfer-Mandiri-Dari-ATM-mBanking-dan-Internet-Banking-Mandiri-11.jpg', '2023-10-16 22:00:00'),
(328, 2, '2022-11-24', '570000', 4, 'Ini-Dia-Bukti-Transfer-Mandiri-Dari-ATM-mBanking-dan-Internet-Banking-Mandiri-11.jpg', '2023-10-16 22:00:00'),
(329, 1, '2022-11-25', '459000', 4, 'Ini-Dia-Bukti-Transfer-Mandiri-Dari-ATM-mBanking-dan-Internet-Banking-Mandiri-11.jpg', '2023-10-16 22:00:00'),
(330, 1, '2022-11-26', '810000', 4, 'Ini-Dia-Bukti-Transfer-Mandiri-Dari-ATM-mBanking-dan-Internet-Banking-Mandiri-11.jpg', '2023-10-16 22:00:00'),
(331, 2, '2022-11-27', '400000', 4, 'Ini-Dia-Bukti-Transfer-Mandiri-Dari-ATM-mBanking-dan-Internet-Banking-Mandiri-11.jpg', '2023-10-16 22:00:00'),
(332, 1, '2022-11-28', '860000', 4, 'Ini-Dia-Bukti-Transfer-Mandiri-Dari-ATM-mBanking-dan-Internet-Banking-Mandiri-11.jpg', '2023-10-16 22:00:00'),
(333, 2, '2022-11-29', '400000', 4, 'Ini-Dia-Bukti-Transfer-Mandiri-Dari-ATM-mBanking-dan-Internet-Banking-Mandiri-11.jpg', '2023-10-16 22:00:00'),
(334, 1, '2022-11-30', '216000', 4, 'Ini-Dia-Bukti-Transfer-Mandiri-Dari-ATM-mBanking-dan-Internet-Banking-Mandiri-11.jpg', '2023-10-16 22:00:00'),
(335, 2, '2022-12-01', '800000', 4, 'Ini-Dia-Bukti-Transfer-Mandiri-Dari-ATM-mBanking-dan-Internet-Banking-Mandiri-11.jpg', '2023-10-16 22:00:00'),
(336, 2, '2022-12-02', '820000', 4, 'Ini-Dia-Bukti-Transfer-Mandiri-Dari-ATM-mBanking-dan-Internet-Banking-Mandiri-11.jpg', '2023-10-16 22:00:00'),
(337, 1, '2022-12-03', '630000', 4, 'Ini-Dia-Bukti-Transfer-Mandiri-Dari-ATM-mBanking-dan-Internet-Banking-Mandiri-11.jpg', '2023-10-16 22:00:00'),
(338, 2, '2022-12-04', '660000', 4, 'Ini-Dia-Bukti-Transfer-Mandiri-Dari-ATM-mBanking-dan-Internet-Banking-Mandiri-11.jpg', '2023-10-16 22:00:00'),
(339, 2, '2022-12-05', '770500', 4, 'Ini-Dia-Bukti-Transfer-Mandiri-Dari-ATM-mBanking-dan-Internet-Banking-Mandiri-11.jpg', '2023-10-16 22:00:00'),
(340, 1, '2022-12-06', '910000', 4, 'Ini-Dia-Bukti-Transfer-Mandiri-Dari-ATM-mBanking-dan-Internet-Banking-Mandiri-11.jpg', '2023-10-16 22:00:00'),
(341, 1, '2022-12-07', '297000', 4, 'Ini-Dia-Bukti-Transfer-Mandiri-Dari-ATM-mBanking-dan-Internet-Banking-Mandiri-11.jpg', '2023-10-16 22:00:00'),
(342, 2, '2022-12-08', '1012000', 4, 'Ini-Dia-Bukti-Transfer-Mandiri-Dari-ATM-mBanking-dan-Internet-Banking-Mandiri-11.jpg', '2023-10-16 22:00:00');
INSERT INTO `pemesanan_padi` (`id_pesan`, `id_supplier`, `tgl_pesan`, `total_pesan`, `status_pesan`, `bukti_pembayaran`, `create_at`) VALUES
(343, 2, '2022-12-09', '356500', 4, 'Ini-Dia-Bukti-Transfer-Mandiri-Dari-ATM-mBanking-dan-Internet-Banking-Mandiri-11.jpg', '2023-10-16 22:00:00'),
(344, 1, '2022-12-10', '150000', 4, 'Ini-Dia-Bukti-Transfer-Mandiri-Dari-ATM-mBanking-dan-Internet-Banking-Mandiri-11.jpg', '2023-10-16 22:00:00'),
(345, 1, '2022-12-11', '240000', 4, 'Ini-Dia-Bukti-Transfer-Mandiri-Dari-ATM-mBanking-dan-Internet-Banking-Mandiri-11.jpg', '2023-10-16 22:00:00'),
(346, 2, '2022-12-12', '860000', 4, 'Ini-Dia-Bukti-Transfer-Mandiri-Dari-ATM-mBanking-dan-Internet-Banking-Mandiri-11.jpg', '2023-10-16 22:00:00'),
(347, 1, '2022-12-13', '700000', 4, 'Ini-Dia-Bukti-Transfer-Mandiri-Dari-ATM-mBanking-dan-Internet-Banking-Mandiri-11.jpg', '2023-10-16 22:00:00'),
(348, 1, '2022-12-14', '504000', 4, 'Ini-Dia-Bukti-Transfer-Mandiri-Dari-ATM-mBanking-dan-Internet-Banking-Mandiri-11.jpg', '2023-10-16 22:00:00'),
(349, 2, '2022-12-15', '299000', 4, 'Ini-Dia-Bukti-Transfer-Mandiri-Dari-ATM-mBanking-dan-Internet-Banking-Mandiri-11.jpg', '2023-10-16 22:00:00'),
(350, 2, '2022-12-16', '874000', 4, 'Ini-Dia-Bukti-Transfer-Mandiri-Dari-ATM-mBanking-dan-Internet-Banking-Mandiri-11.jpg', '2023-10-16 22:00:00'),
(351, 2, '2022-12-17', '260000', 4, 'Ini-Dia-Bukti-Transfer-Mandiri-Dari-ATM-mBanking-dan-Internet-Banking-Mandiri-11.jpg', '2023-10-16 22:00:00'),
(352, 2, '2022-12-18', '210000', 4, 'Ini-Dia-Bukti-Transfer-Mandiri-Dari-ATM-mBanking-dan-Internet-Banking-Mandiri-11.jpg', '2023-10-16 22:00:00'),
(353, 1, '2022-12-19', '500000', 4, 'Ini-Dia-Bukti-Transfer-Mandiri-Dari-ATM-mBanking-dan-Internet-Banking-Mandiri-11.jpg', '2023-10-16 22:00:00'),
(354, 1, '2022-12-20', '441000', 4, 'Ini-Dia-Bukti-Transfer-Mandiri-Dari-ATM-mBanking-dan-Internet-Banking-Mandiri-11.jpg', '2023-10-16 22:00:00'),
(355, 2, '2022-12-21', '126500', 4, 'Ini-Dia-Bukti-Transfer-Mandiri-Dari-ATM-mBanking-dan-Internet-Banking-Mandiri-11.jpg', '2023-10-16 22:00:00'),
(356, 2, '2022-12-22', '1058000', 4, 'Ini-Dia-Bukti-Transfer-Mandiri-Dari-ATM-mBanking-dan-Internet-Banking-Mandiri-11.jpg', '2023-10-16 22:00:00'),
(357, 2, '2022-12-23', '586500', 4, 'Ini-Dia-Bukti-Transfer-Mandiri-Dari-ATM-mBanking-dan-Internet-Banking-Mandiri-11.jpg', '2023-10-16 22:00:00'),
(358, 1, '2022-12-24', '940000', 4, 'Ini-Dia-Bukti-Transfer-Mandiri-Dari-ATM-mBanking-dan-Internet-Banking-Mandiri-11.jpg', '2023-10-16 22:00:00'),
(359, 2, '2022-12-25', '345000', 4, 'Ini-Dia-Bukti-Transfer-Mandiri-Dari-ATM-mBanking-dan-Internet-Banking-Mandiri-11.jpg', '2023-10-16 22:00:00'),
(360, 2, '2022-12-26', '644000', 4, 'Ini-Dia-Bukti-Transfer-Mandiri-Dari-ATM-mBanking-dan-Internet-Banking-Mandiri-11.jpg', '2023-10-16 22:00:00'),
(361, 1, '2022-12-27', '342000', 4, 'Ini-Dia-Bukti-Transfer-Mandiri-Dari-ATM-mBanking-dan-Internet-Banking-Mandiri-11.jpg', '2023-10-16 22:00:00'),
(362, 2, '2022-12-28', '680000', 4, 'Ini-Dia-Bukti-Transfer-Mandiri-Dari-ATM-mBanking-dan-Internet-Banking-Mandiri-11.jpg', '2023-10-16 22:00:00'),
(363, 1, '2022-12-29', '150000', 4, 'Ini-Dia-Bukti-Transfer-Mandiri-Dari-ATM-mBanking-dan-Internet-Banking-Mandiri-11.jpg', '2023-10-16 22:00:00'),
(364, 1, '2022-12-30', '252000', 4, 'Ini-Dia-Bukti-Transfer-Mandiri-Dari-ATM-mBanking-dan-Internet-Banking-Mandiri-11.jpg', '2023-10-16 22:00:00'),
(365, 2, '2022-12-31', '500000', 4, 'Ini-Dia-Bukti-Transfer-Mandiri-Dari-ATM-mBanking-dan-Internet-Banking-Mandiri-11.jpg', '2023-10-16 22:00:00'),
(366, 2, '2023-01-01', '940000', 4, 'Ini-Dia-Bukti-Transfer-Mandiri-Dari-ATM-mBanking-dan-Internet-Banking-Mandiri-11.jpg', '2023-10-16 22:00:00'),
(367, 2, '2023-01-02', '430000', 4, 'Ini-Dia-Bukti-Transfer-Mandiri-Dari-ATM-mBanking-dan-Internet-Banking-Mandiri-11.jpg', '2023-10-16 22:00:00'),
(368, 2, '2023-01-03', '391000', 4, 'Ini-Dia-Bukti-Transfer-Mandiri-Dari-ATM-mBanking-dan-Internet-Banking-Mandiri-11.jpg', '2023-10-16 22:00:00'),
(369, 1, '2023-01-04', '558000', 4, 'Ini-Dia-Bukti-Transfer-Mandiri-Dari-ATM-mBanking-dan-Internet-Banking-Mandiri-11.jpg', '2023-10-16 22:00:00'),
(370, 1, '2023-01-05', '250000', 4, 'Ini-Dia-Bukti-Transfer-Mandiri-Dari-ATM-mBanking-dan-Internet-Banking-Mandiri-11.jpg', '2023-10-16 22:00:00'),
(371, 1, '2023-01-06', '801000', 4, 'Ini-Dia-Bukti-Transfer-Mandiri-Dari-ATM-mBanking-dan-Internet-Banking-Mandiri-11.jpg', '2023-10-16 22:00:00'),
(372, 1, '2023-01-07', '910000', 4, 'Ini-Dia-Bukti-Transfer-Mandiri-Dari-ATM-mBanking-dan-Internet-Banking-Mandiri-11.jpg', '2023-10-16 22:00:00'),
(373, 1, '2023-01-08', '612000', 4, 'Ini-Dia-Bukti-Transfer-Mandiri-Dari-ATM-mBanking-dan-Internet-Banking-Mandiri-11.jpg', '2023-10-16 22:00:00'),
(374, 1, '2023-01-09', '630000', 4, 'Ini-Dia-Bukti-Transfer-Mandiri-Dari-ATM-mBanking-dan-Internet-Banking-Mandiri-11.jpg', '2023-10-16 22:00:00'),
(375, 2, '2023-01-10', '420000', 4, 'Ini-Dia-Bukti-Transfer-Mandiri-Dari-ATM-mBanking-dan-Internet-Banking-Mandiri-11.jpg', '2023-10-16 22:00:00'),
(376, 1, '2023-01-11', '648000', 4, 'Ini-Dia-Bukti-Transfer-Mandiri-Dari-ATM-mBanking-dan-Internet-Banking-Mandiri-11.jpg', '2023-10-16 22:00:00'),
(377, 2, '2023-01-12', '610000', 4, 'Ini-Dia-Bukti-Transfer-Mandiri-Dari-ATM-mBanking-dan-Internet-Banking-Mandiri-11.jpg', '2023-10-16 22:00:00'),
(378, 1, '2023-01-13', '126000', 4, 'Ini-Dia-Bukti-Transfer-Mandiri-Dari-ATM-mBanking-dan-Internet-Banking-Mandiri-11.jpg', '2023-10-16 22:00:00'),
(379, 1, '2023-01-14', '891000', 4, 'Ini-Dia-Bukti-Transfer-Mandiri-Dari-ATM-mBanking-dan-Internet-Banking-Mandiri-11.jpg', '2023-10-16 22:00:00'),
(380, 1, '2023-01-15', '710000', 4, 'Ini-Dia-Bukti-Transfer-Mandiri-Dari-ATM-mBanking-dan-Internet-Banking-Mandiri-11.jpg', '2023-10-16 22:00:00'),
(381, 1, '2023-01-16', '846000', 4, 'Ini-Dia-Bukti-Transfer-Mandiri-Dari-ATM-mBanking-dan-Internet-Banking-Mandiri-11.jpg', '2023-10-16 22:00:00'),
(382, 2, '2023-01-17', '740000', 4, 'Ini-Dia-Bukti-Transfer-Mandiri-Dari-ATM-mBanking-dan-Internet-Banking-Mandiri-11.jpg', '2023-10-16 22:00:00'),
(383, 2, '2023-01-18', '977500', 4, 'Ini-Dia-Bukti-Transfer-Mandiri-Dari-ATM-mBanking-dan-Internet-Banking-Mandiri-11.jpg', '2023-10-16 22:00:00'),
(384, 1, '2023-01-19', '855000', 4, 'Ini-Dia-Bukti-Transfer-Mandiri-Dari-ATM-mBanking-dan-Internet-Banking-Mandiri-11.jpg', '2023-10-16 22:00:00'),
(385, 1, '2023-01-20', '297000', 4, 'Ini-Dia-Bukti-Transfer-Mandiri-Dari-ATM-mBanking-dan-Internet-Banking-Mandiri-11.jpg', '2023-10-16 22:00:00'),
(386, 2, '2023-01-21', '940000', 4, 'Ini-Dia-Bukti-Transfer-Mandiri-Dari-ATM-mBanking-dan-Internet-Banking-Mandiri-11.jpg', '2023-10-16 22:00:00'),
(387, 1, '2023-01-22', '120000', 4, 'Ini-Dia-Bukti-Transfer-Mandiri-Dari-ATM-mBanking-dan-Internet-Banking-Mandiri-11.jpg', '2023-10-16 22:00:00'),
(388, 2, '2023-01-23', '950000', 4, 'Ini-Dia-Bukti-Transfer-Mandiri-Dari-ATM-mBanking-dan-Internet-Banking-Mandiri-11.jpg', '2023-10-16 22:00:00'),
(389, 1, '2023-01-24', '630000', 4, 'Ini-Dia-Bukti-Transfer-Mandiri-Dari-ATM-mBanking-dan-Internet-Banking-Mandiri-11.jpg', '2023-10-16 22:00:00'),
(390, 1, '2023-01-25', '690000', 4, 'Ini-Dia-Bukti-Transfer-Mandiri-Dari-ATM-mBanking-dan-Internet-Banking-Mandiri-11.jpg', '2023-10-16 22:00:00'),
(391, 2, '2023-01-26', '790000', 4, 'Ini-Dia-Bukti-Transfer-Mandiri-Dari-ATM-mBanking-dan-Internet-Banking-Mandiri-11.jpg', '2023-10-16 22:00:00'),
(392, 1, '2023-01-27', '730000', 4, 'Ini-Dia-Bukti-Transfer-Mandiri-Dari-ATM-mBanking-dan-Internet-Banking-Mandiri-11.jpg', '2023-10-16 22:00:00'),
(393, 1, '2023-01-28', '120000', 4, 'Ini-Dia-Bukti-Transfer-Mandiri-Dari-ATM-mBanking-dan-Internet-Banking-Mandiri-11.jpg', '2023-10-16 22:00:00'),
(394, 2, '2023-01-29', '610000', 4, 'Ini-Dia-Bukti-Transfer-Mandiri-Dari-ATM-mBanking-dan-Internet-Banking-Mandiri-11.jpg', '2023-10-16 22:00:00'),
(395, 1, '2023-01-30', '160000', 4, 'Ini-Dia-Bukti-Transfer-Mandiri-Dari-ATM-mBanking-dan-Internet-Banking-Mandiri-11.jpg', '2023-10-16 22:00:00'),
(396, 2, '2023-01-31', '1058000', 4, 'Ini-Dia-Bukti-Transfer-Mandiri-Dari-ATM-mBanking-dan-Internet-Banking-Mandiri-11.jpg', '2023-10-16 22:00:00'),
(397, 1, '2023-02-01', '630000', 4, 'Ini-Dia-Bukti-Transfer-Mandiri-Dari-ATM-mBanking-dan-Internet-Banking-Mandiri-11.jpg', '2023-10-16 22:00:00'),
(398, 1, '2023-02-02', '560000', 4, 'Ini-Dia-Bukti-Transfer-Mandiri-Dari-ATM-mBanking-dan-Internet-Banking-Mandiri-11.jpg', '2023-10-16 22:00:00'),
(399, 2, '2023-02-03', '552000', 4, 'Ini-Dia-Bukti-Transfer-Mandiri-Dari-ATM-mBanking-dan-Internet-Banking-Mandiri-11.jpg', '2023-10-16 22:00:00'),
(400, 2, '2023-02-04', '450000', 4, 'Ini-Dia-Bukti-Transfer-Mandiri-Dari-ATM-mBanking-dan-Internet-Banking-Mandiri-11.jpg', '2023-10-16 22:00:00'),
(401, 1, '2023-02-05', '396000', 4, 'Ini-Dia-Bukti-Transfer-Mandiri-Dari-ATM-mBanking-dan-Internet-Banking-Mandiri-11.jpg', '2023-10-16 22:00:00'),
(402, 1, '2023-02-06', '792000', 4, 'Ini-Dia-Bukti-Transfer-Mandiri-Dari-ATM-mBanking-dan-Internet-Banking-Mandiri-11.jpg', '2023-10-16 22:00:00'),
(403, 1, '2023-02-07', '990000', 4, 'Ini-Dia-Bukti-Transfer-Mandiri-Dari-ATM-mBanking-dan-Internet-Banking-Mandiri-11.jpg', '2023-10-16 22:00:00'),
(404, 2, '2023-02-08', '690000', 4, 'Ini-Dia-Bukti-Transfer-Mandiri-Dari-ATM-mBanking-dan-Internet-Banking-Mandiri-11.jpg', '2023-10-16 22:00:00'),
(405, 2, '2023-02-09', '644000', 4, 'Ini-Dia-Bukti-Transfer-Mandiri-Dari-ATM-mBanking-dan-Internet-Banking-Mandiri-11.jpg', '2023-10-16 22:00:00'),
(406, 2, '2023-02-10', '810000', 4, 'Ini-Dia-Bukti-Transfer-Mandiri-Dari-ATM-mBanking-dan-Internet-Banking-Mandiri-11.jpg', '2023-10-16 22:00:00'),
(407, 2, '2023-02-11', '770000', 4, 'Ini-Dia-Bukti-Transfer-Mandiri-Dari-ATM-mBanking-dan-Internet-Banking-Mandiri-11.jpg', '2023-10-16 22:00:00'),
(408, 1, '2023-02-12', '792000', 4, 'Ini-Dia-Bukti-Transfer-Mandiri-Dari-ATM-mBanking-dan-Internet-Banking-Mandiri-11.jpg', '2023-10-16 22:00:00'),
(409, 1, '2023-02-13', '513000', 4, 'Ini-Dia-Bukti-Transfer-Mandiri-Dari-ATM-mBanking-dan-Internet-Banking-Mandiri-11.jpg', '2023-10-16 22:00:00'),
(410, 1, '2023-02-14', '216000', 4, 'Ini-Dia-Bukti-Transfer-Mandiri-Dari-ATM-mBanking-dan-Internet-Banking-Mandiri-11.jpg', '2023-10-16 22:00:00'),
(411, 1, '2023-02-15', '333000', 4, 'Ini-Dia-Bukti-Transfer-Mandiri-Dari-ATM-mBanking-dan-Internet-Banking-Mandiri-11.jpg', '2023-10-16 22:00:00'),
(412, 2, '2023-02-16', '780000', 4, 'Ini-Dia-Bukti-Transfer-Mandiri-Dari-ATM-mBanking-dan-Internet-Banking-Mandiri-11.jpg', '2023-10-16 22:00:00'),
(413, 2, '2023-02-17', '100000', 4, 'Ini-Dia-Bukti-Transfer-Mandiri-Dari-ATM-mBanking-dan-Internet-Banking-Mandiri-11.jpg', '2023-10-16 22:00:00'),
(414, 1, '2023-02-18', '840000', 4, 'Ini-Dia-Bukti-Transfer-Mandiri-Dari-ATM-mBanking-dan-Internet-Banking-Mandiri-11.jpg', '2023-10-16 22:00:00'),
(415, 1, '2023-02-19', '837000', 4, 'Ini-Dia-Bukti-Transfer-Mandiri-Dari-ATM-mBanking-dan-Internet-Banking-Mandiri-11.jpg', '2023-10-16 22:00:00'),
(416, 1, '2023-02-20', '870000', 4, 'Ini-Dia-Bukti-Transfer-Mandiri-Dari-ATM-mBanking-dan-Internet-Banking-Mandiri-11.jpg', '2023-10-16 22:00:00'),
(417, 2, '2023-02-21', '740000', 4, 'Ini-Dia-Bukti-Transfer-Mandiri-Dari-ATM-mBanking-dan-Internet-Banking-Mandiri-11.jpg', '2023-10-16 22:00:00'),
(418, 1, '2023-02-22', '110000', 4, 'Ini-Dia-Bukti-Transfer-Mandiri-Dari-ATM-mBanking-dan-Internet-Banking-Mandiri-11.jpg', '2023-10-16 22:00:00'),
(419, 2, '2023-02-23', '908500', 4, 'Ini-Dia-Bukti-Transfer-Mandiri-Dari-ATM-mBanking-dan-Internet-Banking-Mandiri-11.jpg', '2023-10-16 22:00:00'),
(420, 2, '2023-02-24', '340000', 4, 'Ini-Dia-Bukti-Transfer-Mandiri-Dari-ATM-mBanking-dan-Internet-Banking-Mandiri-11.jpg', '2023-10-16 22:00:00'),
(421, 1, '2023-02-25', '630000', 4, 'Ini-Dia-Bukti-Transfer-Mandiri-Dari-ATM-mBanking-dan-Internet-Banking-Mandiri-11.jpg', '2023-10-16 22:00:00'),
(422, 1, '2023-02-26', '700000', 4, 'Ini-Dia-Bukti-Transfer-Mandiri-Dari-ATM-mBanking-dan-Internet-Banking-Mandiri-11.jpg', '2023-10-16 22:00:00'),
(423, 2, '2023-02-27', '460000', 4, 'Ini-Dia-Bukti-Transfer-Mandiri-Dari-ATM-mBanking-dan-Internet-Banking-Mandiri-11.jpg', '2023-10-16 22:00:00'),
(424, 1, '2023-02-28', '960000', 4, 'Ini-Dia-Bukti-Transfer-Mandiri-Dari-ATM-mBanking-dan-Internet-Banking-Mandiri-11.jpg', '2023-10-16 22:00:00'),
(425, 2, '2023-03-01', '760000', 4, 'Ini-Dia-Bukti-Transfer-Mandiri-Dari-ATM-mBanking-dan-Internet-Banking-Mandiri-11.jpg', '2023-10-16 22:00:00'),
(426, 1, '2023-03-02', '170000', 4, 'Ini-Dia-Bukti-Transfer-Mandiri-Dari-ATM-mBanking-dan-Internet-Banking-Mandiri-11.jpg', '2023-10-16 22:00:00'),
(427, 2, '2023-03-03', '138000', 4, 'Ini-Dia-Bukti-Transfer-Mandiri-Dari-ATM-mBanking-dan-Internet-Banking-Mandiri-11.jpg', '2023-10-16 22:00:00'),
(428, 1, '2023-03-04', '495000', 4, 'Ini-Dia-Bukti-Transfer-Mandiri-Dari-ATM-mBanking-dan-Internet-Banking-Mandiri-11.jpg', '2023-10-16 22:00:00'),
(429, 1, '2023-03-05', '140000', 4, 'Ini-Dia-Bukti-Transfer-Mandiri-Dari-ATM-mBanking-dan-Internet-Banking-Mandiri-11.jpg', '2023-10-16 22:00:00'),
(430, 1, '2023-03-06', '810000', 4, 'Ini-Dia-Bukti-Transfer-Mandiri-Dari-ATM-mBanking-dan-Internet-Banking-Mandiri-11.jpg', '2023-10-16 22:00:00'),
(431, 2, '2023-03-07', '690000', 4, 'Ini-Dia-Bukti-Transfer-Mandiri-Dari-ATM-mBanking-dan-Internet-Banking-Mandiri-11.jpg', '2023-10-16 22:00:00'),
(432, 2, '2023-03-08', '140000', 4, 'Ini-Dia-Bukti-Transfer-Mandiri-Dari-ATM-mBanking-dan-Internet-Banking-Mandiri-11.jpg', '2023-10-16 22:00:00'),
(433, 2, '2023-03-09', '870000', 4, 'Ini-Dia-Bukti-Transfer-Mandiri-Dari-ATM-mBanking-dan-Internet-Banking-Mandiri-11.jpg', '2023-10-16 22:00:00'),
(434, 1, '2023-03-10', '747000', 4, 'Ini-Dia-Bukti-Transfer-Mandiri-Dari-ATM-mBanking-dan-Internet-Banking-Mandiri-11.jpg', '2023-10-16 22:00:00'),
(435, 1, '2023-03-11', '630000', 4, 'Ini-Dia-Bukti-Transfer-Mandiri-Dari-ATM-mBanking-dan-Internet-Banking-Mandiri-11.jpg', '2023-10-16 22:00:00'),
(436, 2, '2023-03-12', '1046500', 4, 'Ini-Dia-Bukti-Transfer-Mandiri-Dari-ATM-mBanking-dan-Internet-Banking-Mandiri-11.jpg', '2023-10-16 22:00:00'),
(437, 2, '2023-03-13', '1138500', 4, 'Ini-Dia-Bukti-Transfer-Mandiri-Dari-ATM-mBanking-dan-Internet-Banking-Mandiri-11.jpg', '2023-10-16 22:00:00'),
(438, 1, '2023-03-14', '396000', 4, 'Ini-Dia-Bukti-Transfer-Mandiri-Dari-ATM-mBanking-dan-Internet-Banking-Mandiri-11.jpg', '2023-10-16 22:00:00'),
(439, 1, '2023-03-15', '648000', 4, 'Ini-Dia-Bukti-Transfer-Mandiri-Dari-ATM-mBanking-dan-Internet-Banking-Mandiri-11.jpg', '2023-10-16 22:00:00'),
(440, 2, '2023-03-16', '1069500', 4, 'Ini-Dia-Bukti-Transfer-Mandiri-Dari-ATM-mBanking-dan-Internet-Banking-Mandiri-11.jpg', '2023-10-16 22:00:00'),
(441, 2, '2023-03-17', '747500', 4, 'Ini-Dia-Bukti-Transfer-Mandiri-Dari-ATM-mBanking-dan-Internet-Banking-Mandiri-11.jpg', '2023-10-16 22:00:00'),
(442, 2, '2023-03-18', '430000', 4, 'Ini-Dia-Bukti-Transfer-Mandiri-Dari-ATM-mBanking-dan-Internet-Banking-Mandiri-11.jpg', '2023-10-16 22:00:00'),
(443, 1, '2023-03-19', '495000', 4, 'Ini-Dia-Bukti-Transfer-Mandiri-Dari-ATM-mBanking-dan-Internet-Banking-Mandiri-11.jpg', '2023-10-16 22:00:00'),
(444, 1, '2023-03-20', '333000', 4, 'Ini-Dia-Bukti-Transfer-Mandiri-Dari-ATM-mBanking-dan-Internet-Banking-Mandiri-11.jpg', '2023-10-16 22:00:00'),
(445, 2, '2023-03-21', '760000', 4, 'Ini-Dia-Bukti-Transfer-Mandiri-Dari-ATM-mBanking-dan-Internet-Banking-Mandiri-11.jpg', '2023-10-16 22:00:00'),
(446, 2, '2023-03-22', '190000', 4, 'Ini-Dia-Bukti-Transfer-Mandiri-Dari-ATM-mBanking-dan-Internet-Banking-Mandiri-11.jpg', '2023-10-16 22:00:00'),
(447, 2, '2023-03-23', '333500', 4, 'Ini-Dia-Bukti-Transfer-Mandiri-Dari-ATM-mBanking-dan-Internet-Banking-Mandiri-11.jpg', '2023-10-16 22:00:00'),
(448, 2, '2023-03-24', '670000', 4, 'Ini-Dia-Bukti-Transfer-Mandiri-Dari-ATM-mBanking-dan-Internet-Banking-Mandiri-11.jpg', '2023-10-16 22:00:00'),
(449, 2, '2023-03-25', '510000', 4, 'Ini-Dia-Bukti-Transfer-Mandiri-Dari-ATM-mBanking-dan-Internet-Banking-Mandiri-11.jpg', '2023-10-16 22:00:00'),
(450, 2, '2023-03-26', '1092500', 4, 'Ini-Dia-Bukti-Transfer-Mandiri-Dari-ATM-mBanking-dan-Internet-Banking-Mandiri-11.jpg', '2023-10-16 22:00:00'),
(451, 2, '2023-03-27', '356500', 4, 'Ini-Dia-Bukti-Transfer-Mandiri-Dari-ATM-mBanking-dan-Internet-Banking-Mandiri-11.jpg', '2023-10-16 22:00:00'),
(452, 1, '2023-03-28', '576000', 4, 'Ini-Dia-Bukti-Transfer-Mandiri-Dari-ATM-mBanking-dan-Internet-Banking-Mandiri-11.jpg', '2023-10-16 22:00:00'),
(453, 1, '2023-03-29', '693000', 4, 'Ini-Dia-Bukti-Transfer-Mandiri-Dari-ATM-mBanking-dan-Internet-Banking-Mandiri-11.jpg', '2023-10-16 22:00:00'),
(454, 1, '2023-03-30', '310000', 4, 'Ini-Dia-Bukti-Transfer-Mandiri-Dari-ATM-mBanking-dan-Internet-Banking-Mandiri-11.jpg', '2023-10-16 22:00:00'),
(455, 2, '2023-03-31', '1115500', 4, 'Ini-Dia-Bukti-Transfer-Mandiri-Dari-ATM-mBanking-dan-Internet-Banking-Mandiri-11.jpg', '2023-10-16 22:00:00'),
(456, 1, '2023-04-01', '550000', 4, 'Ini-Dia-Bukti-Transfer-Mandiri-Dari-ATM-mBanking-dan-Internet-Banking-Mandiri-11.jpg', '2023-10-16 22:00:00'),
(457, 1, '2023-04-02', '99000', 4, 'Ini-Dia-Bukti-Transfer-Mandiri-Dari-ATM-mBanking-dan-Internet-Banking-Mandiri-11.jpg', '2023-10-16 22:00:00'),
(458, 1, '2023-04-03', '630000', 4, 'Ini-Dia-Bukti-Transfer-Mandiri-Dari-ATM-mBanking-dan-Internet-Banking-Mandiri-11.jpg', '2023-10-16 22:00:00'),
(459, 2, '2023-04-04', '115000', 4, 'Ini-Dia-Bukti-Transfer-Mandiri-Dari-ATM-mBanking-dan-Internet-Banking-Mandiri-11.jpg', '2023-10-16 22:00:00'),
(460, 1, '2023-04-05', '580000', 4, 'Ini-Dia-Bukti-Transfer-Mandiri-Dari-ATM-mBanking-dan-Internet-Banking-Mandiri-11.jpg', '2023-10-16 22:00:00'),
(461, 1, '2023-04-06', '600000', 4, 'Ini-Dia-Bukti-Transfer-Mandiri-Dari-ATM-mBanking-dan-Internet-Banking-Mandiri-11.jpg', '2023-10-16 22:00:00'),
(462, 1, '2023-04-07', '850000', 4, 'Ini-Dia-Bukti-Transfer-Mandiri-Dari-ATM-mBanking-dan-Internet-Banking-Mandiri-11.jpg', '2023-10-16 22:00:00'),
(463, 1, '2023-04-08', '612000', 4, 'Ini-Dia-Bukti-Transfer-Mandiri-Dari-ATM-mBanking-dan-Internet-Banking-Mandiri-11.jpg', '2023-10-16 22:00:00'),
(464, 1, '2023-04-09', '558000', 4, 'Ini-Dia-Bukti-Transfer-Mandiri-Dari-ATM-mBanking-dan-Internet-Banking-Mandiri-11.jpg', '2023-10-16 22:00:00'),
(465, 2, '2023-04-10', '380000', 4, 'Ini-Dia-Bukti-Transfer-Mandiri-Dari-ATM-mBanking-dan-Internet-Banking-Mandiri-11.jpg', '2023-10-16 22:00:00'),
(466, 1, '2023-04-11', '130000', 4, 'Ini-Dia-Bukti-Transfer-Mandiri-Dari-ATM-mBanking-dan-Internet-Banking-Mandiri-11.jpg', '2023-10-16 22:00:00'),
(467, 1, '2023-04-12', '910000', 4, 'Ini-Dia-Bukti-Transfer-Mandiri-Dari-ATM-mBanking-dan-Internet-Banking-Mandiri-11.jpg', '2023-10-16 22:00:00'),
(468, 2, '2023-04-13', '1058000', 4, 'Ini-Dia-Bukti-Transfer-Mandiri-Dari-ATM-mBanking-dan-Internet-Banking-Mandiri-11.jpg', '2023-10-16 22:00:00'),
(469, 1, '2023-04-14', '370000', 4, 'Ini-Dia-Bukti-Transfer-Mandiri-Dari-ATM-mBanking-dan-Internet-Banking-Mandiri-11.jpg', '2023-10-16 22:00:00'),
(470, 2, '2023-04-15', '1081000', 4, 'Ini-Dia-Bukti-Transfer-Mandiri-Dari-ATM-mBanking-dan-Internet-Banking-Mandiri-11.jpg', '2023-10-16 22:00:00'),
(471, 1, '2023-04-16', '684000', 4, 'Ini-Dia-Bukti-Transfer-Mandiri-Dari-ATM-mBanking-dan-Internet-Banking-Mandiri-11.jpg', '2023-10-16 22:00:00'),
(472, 1, '2023-04-17', '710000', 4, 'Ini-Dia-Bukti-Transfer-Mandiri-Dari-ATM-mBanking-dan-Internet-Banking-Mandiri-11.jpg', '2023-10-16 22:00:00'),
(473, 1, '2023-04-18', '432000', 4, 'Ini-Dia-Bukti-Transfer-Mandiri-Dari-ATM-mBanking-dan-Internet-Banking-Mandiri-11.jpg', '2023-10-16 22:00:00'),
(474, 2, '2023-04-19', '989000', 4, 'Ini-Dia-Bukti-Transfer-Mandiri-Dari-ATM-mBanking-dan-Internet-Banking-Mandiri-11.jpg', '2023-10-16 22:00:00'),
(475, 1, '2023-04-20', '765000', 4, 'Ini-Dia-Bukti-Transfer-Mandiri-Dari-ATM-mBanking-dan-Internet-Banking-Mandiri-11.jpg', '2023-10-16 22:00:00'),
(476, 1, '2023-04-21', '459000', 4, 'Ini-Dia-Bukti-Transfer-Mandiri-Dari-ATM-mBanking-dan-Internet-Banking-Mandiri-11.jpg', '2023-10-16 22:00:00'),
(477, 1, '2023-04-22', '220000', 4, 'Ini-Dia-Bukti-Transfer-Mandiri-Dari-ATM-mBanking-dan-Internet-Banking-Mandiri-11.jpg', '2023-10-16 22:00:00'),
(478, 1, '2023-04-23', '400000', 4, 'Ini-Dia-Bukti-Transfer-Mandiri-Dari-ATM-mBanking-dan-Internet-Banking-Mandiri-11.jpg', '2023-10-16 22:00:00'),
(479, 1, '2023-04-24', '180000', 4, 'Ini-Dia-Bukti-Transfer-Mandiri-Dari-ATM-mBanking-dan-Internet-Banking-Mandiri-11.jpg', '2023-10-16 22:00:00'),
(480, 1, '2023-04-25', '890000', 4, 'Ini-Dia-Bukti-Transfer-Mandiri-Dari-ATM-mBanking-dan-Internet-Banking-Mandiri-11.jpg', '2023-10-16 22:00:00'),
(481, 2, '2023-04-26', '483000', 4, 'Ini-Dia-Bukti-Transfer-Mandiri-Dari-ATM-mBanking-dan-Internet-Banking-Mandiri-11.jpg', '2023-10-16 22:00:00'),
(482, 1, '2023-04-27', '324000', 4, 'Ini-Dia-Bukti-Transfer-Mandiri-Dari-ATM-mBanking-dan-Internet-Banking-Mandiri-11.jpg', '2023-10-16 22:00:00'),
(483, 1, '2023-04-28', '270000', 4, 'Ini-Dia-Bukti-Transfer-Mandiri-Dari-ATM-mBanking-dan-Internet-Banking-Mandiri-11.jpg', '2023-10-16 22:00:00'),
(484, 1, '2023-04-29', '774000', 4, 'Ini-Dia-Bukti-Transfer-Mandiri-Dari-ATM-mBanking-dan-Internet-Banking-Mandiri-11.jpg', '2023-10-16 22:00:00'),
(485, 1, '2023-04-30', '585000', 4, 'Ini-Dia-Bukti-Transfer-Mandiri-Dari-ATM-mBanking-dan-Internet-Banking-Mandiri-11.jpg', '2023-10-16 22:00:00'),
(486, 1, '2023-05-01', '620000', 4, 'Ini-Dia-Bukti-Transfer-Mandiri-Dari-ATM-mBanking-dan-Internet-Banking-Mandiri-11.jpg', '2023-10-16 22:00:00'),
(487, 2, '2023-05-02', '870000', 4, 'Ini-Dia-Bukti-Transfer-Mandiri-Dari-ATM-mBanking-dan-Internet-Banking-Mandiri-11.jpg', '2023-10-16 22:00:00'),
(488, 2, '2023-05-03', '782000', 4, 'Ini-Dia-Bukti-Transfer-Mandiri-Dari-ATM-mBanking-dan-Internet-Banking-Mandiri-11.jpg', '2023-10-16 22:00:00'),
(489, 1, '2023-05-04', '910000', 4, 'Ini-Dia-Bukti-Transfer-Mandiri-Dari-ATM-mBanking-dan-Internet-Banking-Mandiri-11.jpg', '2023-10-16 22:00:00'),
(490, 2, '2023-05-05', '100000', 4, 'Ini-Dia-Bukti-Transfer-Mandiri-Dari-ATM-mBanking-dan-Internet-Banking-Mandiri-11.jpg', '2023-10-16 22:00:00'),
(491, 2, '2023-05-06', '1081000', 4, 'Ini-Dia-Bukti-Transfer-Mandiri-Dari-ATM-mBanking-dan-Internet-Banking-Mandiri-11.jpg', '2023-10-16 22:00:00'),
(492, 1, '2023-05-07', '324000', 4, 'Ini-Dia-Bukti-Transfer-Mandiri-Dari-ATM-mBanking-dan-Internet-Banking-Mandiri-11.jpg', '2023-10-16 22:00:00'),
(493, 1, '2023-05-08', '288000', 4, 'Ini-Dia-Bukti-Transfer-Mandiri-Dari-ATM-mBanking-dan-Internet-Banking-Mandiri-11.jpg', '2023-10-16 22:00:00'),
(494, 2, '2023-05-09', '930000', 4, 'Ini-Dia-Bukti-Transfer-Mandiri-Dari-ATM-mBanking-dan-Internet-Banking-Mandiri-11.jpg', '2023-10-16 22:00:00'),
(495, 1, '2023-05-10', '450000', 4, 'Ini-Dia-Bukti-Transfer-Mandiri-Dari-ATM-mBanking-dan-Internet-Banking-Mandiri-11.jpg', '2023-10-16 22:00:00'),
(496, 1, '2023-05-11', '216000', 4, 'Ini-Dia-Bukti-Transfer-Mandiri-Dari-ATM-mBanking-dan-Internet-Banking-Mandiri-11.jpg', '2023-10-16 22:00:00'),
(497, 1, '2023-05-12', '540000', 4, 'Ini-Dia-Bukti-Transfer-Mandiri-Dari-ATM-mBanking-dan-Internet-Banking-Mandiri-11.jpg', '2023-10-16 22:00:00'),
(498, 1, '2023-05-13', '260000', 4, 'Ini-Dia-Bukti-Transfer-Mandiri-Dari-ATM-mBanking-dan-Internet-Banking-Mandiri-11.jpg', '2023-10-16 22:00:00'),
(499, 1, '2023-05-14', '780000', 4, 'Ini-Dia-Bukti-Transfer-Mandiri-Dari-ATM-mBanking-dan-Internet-Banking-Mandiri-11.jpg', '2023-10-16 22:00:00'),
(500, 2, '2023-05-15', '220000', 4, 'Ini-Dia-Bukti-Transfer-Mandiri-Dari-ATM-mBanking-dan-Internet-Banking-Mandiri-11.jpg', '2023-10-16 22:00:00'),
(501, 1, '2023-05-16', '850000', 4, 'Ini-Dia-Bukti-Transfer-Mandiri-Dari-ATM-mBanking-dan-Internet-Banking-Mandiri-11.jpg', '2023-10-16 22:00:00'),
(502, 1, '2023-05-17', '756000', 4, 'Ini-Dia-Bukti-Transfer-Mandiri-Dari-ATM-mBanking-dan-Internet-Banking-Mandiri-11.jpg', '2023-10-16 22:00:00'),
(503, 2, '2023-05-18', '330000', 4, 'Ini-Dia-Bukti-Transfer-Mandiri-Dari-ATM-mBanking-dan-Internet-Banking-Mandiri-11.jpg', '2023-10-16 22:00:00'),
(504, 1, '2023-05-19', '750000', 4, 'Ini-Dia-Bukti-Transfer-Mandiri-Dari-ATM-mBanking-dan-Internet-Banking-Mandiri-11.jpg', '2023-10-16 22:00:00'),
(505, 1, '2023-05-20', '440000', 4, 'Ini-Dia-Bukti-Transfer-Mandiri-Dari-ATM-mBanking-dan-Internet-Banking-Mandiri-11.jpg', '2023-10-16 22:00:00'),
(506, 2, '2023-05-21', '609500', 4, 'Ini-Dia-Bukti-Transfer-Mandiri-Dari-ATM-mBanking-dan-Internet-Banking-Mandiri-11.jpg', '2023-10-16 22:00:00'),
(507, 1, '2023-05-22', '891000', 4, 'Ini-Dia-Bukti-Transfer-Mandiri-Dari-ATM-mBanking-dan-Internet-Banking-Mandiri-11.jpg', '2023-10-16 22:00:00'),
(508, 1, '2023-05-23', '630000', 4, 'Ini-Dia-Bukti-Transfer-Mandiri-Dari-ATM-mBanking-dan-Internet-Banking-Mandiri-11.jpg', '2023-10-16 22:00:00'),
(509, 2, '2023-05-24', '230000', 4, 'Ini-Dia-Bukti-Transfer-Mandiri-Dari-ATM-mBanking-dan-Internet-Banking-Mandiri-11.jpg', '2023-10-16 22:00:00'),
(510, 1, '2023-05-25', '747000', 4, 'Ini-Dia-Bukti-Transfer-Mandiri-Dari-ATM-mBanking-dan-Internet-Banking-Mandiri-11.jpg', '2023-10-16 22:00:00'),
(511, 1, '2023-05-26', '120000', 4, 'Ini-Dia-Bukti-Transfer-Mandiri-Dari-ATM-mBanking-dan-Internet-Banking-Mandiri-11.jpg', '2023-10-16 22:00:00'),
(512, 2, '2023-05-27', '350000', 4, 'Ini-Dia-Bukti-Transfer-Mandiri-Dari-ATM-mBanking-dan-Internet-Banking-Mandiri-11.jpg', '2023-10-16 22:00:00'),
(513, 1, '2023-05-28', '396000', 4, 'Ini-Dia-Bukti-Transfer-Mandiri-Dari-ATM-mBanking-dan-Internet-Banking-Mandiri-11.jpg', '2023-10-16 22:00:00'),
(514, 1, '2023-05-29', '610000', 4, 'Ini-Dia-Bukti-Transfer-Mandiri-Dari-ATM-mBanking-dan-Internet-Banking-Mandiri-11.jpg', '2023-10-16 22:00:00'),
(515, 1, '2023-05-30', '441000', 4, 'Ini-Dia-Bukti-Transfer-Mandiri-Dari-ATM-mBanking-dan-Internet-Banking-Mandiri-11.jpg', '2023-10-16 22:00:00'),
(516, 1, '2023-05-31', '684000', 4, 'Ini-Dia-Bukti-Transfer-Mandiri-Dari-ATM-mBanking-dan-Internet-Banking-Mandiri-11.jpg', '2023-10-16 22:00:00'),
(517, 2, '2023-06-01', '560000', 4, 'Ini-Dia-Bukti-Transfer-Mandiri-Dari-ATM-mBanking-dan-Internet-Banking-Mandiri-11.jpg', '2023-10-16 22:00:00'),
(518, 1, '2023-06-02', '510000', 4, 'Ini-Dia-Bukti-Transfer-Mandiri-Dari-ATM-mBanking-dan-Internet-Banking-Mandiri-11.jpg', '2023-10-16 22:00:00'),
(519, 2, '2023-06-03', '490000', 4, 'Ini-Dia-Bukti-Transfer-Mandiri-Dari-ATM-mBanking-dan-Internet-Banking-Mandiri-11.jpg', '2023-10-16 22:00:00'),
(520, 2, '2023-06-04', '480000', 4, 'Ini-Dia-Bukti-Transfer-Mandiri-Dari-ATM-mBanking-dan-Internet-Banking-Mandiri-11.jpg', '2023-10-16 22:00:00'),
(521, 2, '2023-06-05', '1127000', 4, 'Ini-Dia-Bukti-Transfer-Mandiri-Dari-ATM-mBanking-dan-Internet-Banking-Mandiri-11.jpg', '2023-10-16 22:00:00'),
(522, 2, '2023-06-06', '780000', 4, 'Ini-Dia-Bukti-Transfer-Mandiri-Dari-ATM-mBanking-dan-Internet-Banking-Mandiri-11.jpg', '2023-10-16 22:00:00'),
(523, 1, '2023-06-07', '324000', 4, 'Ini-Dia-Bukti-Transfer-Mandiri-Dari-ATM-mBanking-dan-Internet-Banking-Mandiri-11.jpg', '2023-10-16 22:00:00'),
(524, 1, '2023-06-08', '680000', 4, 'Ini-Dia-Bukti-Transfer-Mandiri-Dari-ATM-mBanking-dan-Internet-Banking-Mandiri-11.jpg', '2023-10-16 22:00:00'),
(525, 1, '2023-06-09', '490000', 4, 'Ini-Dia-Bukti-Transfer-Mandiri-Dari-ATM-mBanking-dan-Internet-Banking-Mandiri-11.jpg', '2023-10-16 22:00:00'),
(526, 1, '2023-06-10', '882000', 4, 'Ini-Dia-Bukti-Transfer-Mandiri-Dari-ATM-mBanking-dan-Internet-Banking-Mandiri-11.jpg', '2023-10-16 22:00:00'),
(527, 1, '2023-06-11', '684000', 4, 'Ini-Dia-Bukti-Transfer-Mandiri-Dari-ATM-mBanking-dan-Internet-Banking-Mandiri-11.jpg', '2023-10-16 22:00:00'),
(528, 1, '2023-06-12', '570000', 4, 'Ini-Dia-Bukti-Transfer-Mandiri-Dari-ATM-mBanking-dan-Internet-Banking-Mandiri-11.jpg', '2023-10-16 22:00:00'),
(529, 2, '2023-06-13', '195500', 4, 'Ini-Dia-Bukti-Transfer-Mandiri-Dari-ATM-mBanking-dan-Internet-Banking-Mandiri-11.jpg', '2023-10-16 22:00:00'),
(530, 2, '2023-06-14', '483000', 4, 'Ini-Dia-Bukti-Transfer-Mandiri-Dari-ATM-mBanking-dan-Internet-Banking-Mandiri-11.jpg', '2023-10-16 22:00:00'),
(531, 2, '2023-06-15', '1058000', 4, 'Ini-Dia-Bukti-Transfer-Mandiri-Dari-ATM-mBanking-dan-Internet-Banking-Mandiri-11.jpg', '2023-10-16 22:00:00'),
(532, 2, '2023-06-16', '730000', 4, 'Ini-Dia-Bukti-Transfer-Mandiri-Dari-ATM-mBanking-dan-Internet-Banking-Mandiri-11.jpg', '2023-10-16 22:00:00'),
(533, 2, '2023-06-17', '990000', 4, 'Ini-Dia-Bukti-Transfer-Mandiri-Dari-ATM-mBanking-dan-Internet-Banking-Mandiri-11.jpg', '2023-10-16 22:00:00'),
(534, 2, '2023-06-18', '920000', 4, 'Ini-Dia-Bukti-Transfer-Mandiri-Dari-ATM-mBanking-dan-Internet-Banking-Mandiri-11.jpg', '2023-10-16 22:00:00'),
(535, 1, '2023-06-19', '380000', 4, 'Ini-Dia-Bukti-Transfer-Mandiri-Dari-ATM-mBanking-dan-Internet-Banking-Mandiri-11.jpg', '2023-10-16 22:00:00'),
(536, 1, '2023-06-20', '980000', 4, 'Ini-Dia-Bukti-Transfer-Mandiri-Dari-ATM-mBanking-dan-Internet-Banking-Mandiri-11.jpg', '2023-10-16 22:00:00'),
(537, 1, '2023-06-21', '432000', 4, 'Ini-Dia-Bukti-Transfer-Mandiri-Dari-ATM-mBanking-dan-Internet-Banking-Mandiri-11.jpg', '2023-10-16 22:00:00'),
(538, 2, '2023-06-22', '140000', 4, 'Ini-Dia-Bukti-Transfer-Mandiri-Dari-ATM-mBanking-dan-Internet-Banking-Mandiri-11.jpg', '2023-10-16 22:00:00'),
(539, 2, '2023-06-23', '931500', 4, 'Ini-Dia-Bukti-Transfer-Mandiri-Dari-ATM-mBanking-dan-Internet-Banking-Mandiri-11.jpg', '2023-10-16 22:00:00'),
(540, 1, '2023-06-24', '162000', 4, 'Ini-Dia-Bukti-Transfer-Mandiri-Dari-ATM-mBanking-dan-Internet-Banking-Mandiri-11.jpg', '2023-10-16 22:00:00'),
(541, 1, '2023-06-25', '792000', 4, 'Ini-Dia-Bukti-Transfer-Mandiri-Dari-ATM-mBanking-dan-Internet-Banking-Mandiri-11.jpg', '2023-10-16 22:00:00'),
(542, 2, '2023-06-26', '218500', 4, 'Ini-Dia-Bukti-Transfer-Mandiri-Dari-ATM-mBanking-dan-Internet-Banking-Mandiri-11.jpg', '2023-10-16 22:00:00'),
(543, 1, '2023-06-27', '117000', 4, 'Ini-Dia-Bukti-Transfer-Mandiri-Dari-ATM-mBanking-dan-Internet-Banking-Mandiri-11.jpg', '2023-10-16 22:00:00'),
(544, 2, '2023-06-28', '130000', 4, 'Ini-Dia-Bukti-Transfer-Mandiri-Dari-ATM-mBanking-dan-Internet-Banking-Mandiri-11.jpg', '2023-10-16 22:00:00'),
(545, 2, '2023-06-29', '207000', 4, 'Ini-Dia-Bukti-Transfer-Mandiri-Dari-ATM-mBanking-dan-Internet-Banking-Mandiri-11.jpg', '2023-10-16 22:00:00'),
(546, 2, '2023-06-30', '253000', 4, 'Ini-Dia-Bukti-Transfer-Mandiri-Dari-ATM-mBanking-dan-Internet-Banking-Mandiri-11.jpg', '2023-10-16 22:00:00'),
(547, 1, '2023-07-01', '468000', 4, 'Ini-Dia-Bukti-Transfer-Mandiri-Dari-ATM-mBanking-dan-Internet-Banking-Mandiri-11.jpg', '2023-10-16 22:00:00'),
(548, 1, '2023-07-02', '540000', 4, 'Ini-Dia-Bukti-Transfer-Mandiri-Dari-ATM-mBanking-dan-Internet-Banking-Mandiri-11.jpg', '2023-10-16 22:00:00'),
(549, 1, '2023-07-03', '135000', 4, 'Ini-Dia-Bukti-Transfer-Mandiri-Dari-ATM-mBanking-dan-Internet-Banking-Mandiri-11.jpg', '2023-10-16 22:00:00'),
(550, 1, '2023-07-04', '810000', 4, 'Ini-Dia-Bukti-Transfer-Mandiri-Dari-ATM-mBanking-dan-Internet-Banking-Mandiri-11.jpg', '2023-10-16 22:00:00'),
(551, 1, '2023-07-05', '400000', 4, 'Ini-Dia-Bukti-Transfer-Mandiri-Dari-ATM-mBanking-dan-Internet-Banking-Mandiri-11.jpg', '2023-10-16 22:00:00'),
(552, 2, '2023-07-06', '333500', 4, 'Ini-Dia-Bukti-Transfer-Mandiri-Dari-ATM-mBanking-dan-Internet-Banking-Mandiri-11.jpg', '2023-10-16 22:00:00'),
(553, 1, '2023-07-07', '702000', 4, 'Ini-Dia-Bukti-Transfer-Mandiri-Dari-ATM-mBanking-dan-Internet-Banking-Mandiri-11.jpg', '2023-10-16 22:00:00'),
(554, 1, '2023-07-08', '670000', 4, 'Ini-Dia-Bukti-Transfer-Mandiri-Dari-ATM-mBanking-dan-Internet-Banking-Mandiri-11.jpg', '2023-10-16 22:00:00'),
(555, 1, '2023-07-09', '558000', 4, 'Ini-Dia-Bukti-Transfer-Mandiri-Dari-ATM-mBanking-dan-Internet-Banking-Mandiri-11.jpg', '2023-10-16 22:00:00'),
(556, 1, '2023-07-10', '670000', 4, 'Ini-Dia-Bukti-Transfer-Mandiri-Dari-ATM-mBanking-dan-Internet-Banking-Mandiri-11.jpg', '2023-10-16 22:00:00'),
(557, 2, '2023-07-11', '440000', 4, 'Ini-Dia-Bukti-Transfer-Mandiri-Dari-ATM-mBanking-dan-Internet-Banking-Mandiri-11.jpg', '2023-10-16 22:00:00'),
(558, 2, '2023-07-12', '620000', 4, 'Ini-Dia-Bukti-Transfer-Mandiri-Dari-ATM-mBanking-dan-Internet-Banking-Mandiri-11.jpg', '2023-10-16 22:00:00'),
(559, 1, '2023-07-13', '360000', 4, 'Ini-Dia-Bukti-Transfer-Mandiri-Dari-ATM-mBanking-dan-Internet-Banking-Mandiri-11.jpg', '2023-10-16 22:00:00'),
(560, 1, '2023-07-14', '612000', 4, 'Ini-Dia-Bukti-Transfer-Mandiri-Dari-ATM-mBanking-dan-Internet-Banking-Mandiri-11.jpg', '2023-10-16 22:00:00'),
(561, 1, '2023-07-15', '243000', 4, 'Ini-Dia-Bukti-Transfer-Mandiri-Dari-ATM-mBanking-dan-Internet-Banking-Mandiri-11.jpg', '2023-10-16 22:00:00'),
(562, 1, '2023-07-16', '190000', 4, 'Ini-Dia-Bukti-Transfer-Mandiri-Dari-ATM-mBanking-dan-Internet-Banking-Mandiri-11.jpg', '2023-10-16 22:00:00'),
(563, 2, '2023-07-17', '900000', 4, 'Ini-Dia-Bukti-Transfer-Mandiri-Dari-ATM-mBanking-dan-Internet-Banking-Mandiri-11.jpg', '2023-10-16 22:00:00'),
(564, 1, '2023-07-18', '126000', 4, 'Ini-Dia-Bukti-Transfer-Mandiri-Dari-ATM-mBanking-dan-Internet-Banking-Mandiri-11.jpg', '2023-10-16 22:00:00'),
(565, 1, '2023-07-19', '530000', 4, 'Ini-Dia-Bukti-Transfer-Mandiri-Dari-ATM-mBanking-dan-Internet-Banking-Mandiri-11.jpg', '2023-10-16 22:00:00'),
(566, 1, '2023-07-20', '900000', 4, 'Ini-Dia-Bukti-Transfer-Mandiri-Dari-ATM-mBanking-dan-Internet-Banking-Mandiri-11.jpg', '2023-10-16 22:00:00'),
(567, 2, '2023-07-21', '950000', 4, 'Ini-Dia-Bukti-Transfer-Mandiri-Dari-ATM-mBanking-dan-Internet-Banking-Mandiri-11.jpg', '2023-10-16 22:00:00'),
(568, 1, '2023-07-22', '370000', 4, 'Ini-Dia-Bukti-Transfer-Mandiri-Dari-ATM-mBanking-dan-Internet-Banking-Mandiri-11.jpg', '2023-10-16 22:00:00'),
(569, 2, '2023-07-23', '760000', 4, 'Ini-Dia-Bukti-Transfer-Mandiri-Dari-ATM-mBanking-dan-Internet-Banking-Mandiri-11.jpg', '2023-10-16 22:00:00'),
(570, 1, '2023-07-24', '490000', 4, 'Ini-Dia-Bukti-Transfer-Mandiri-Dari-ATM-mBanking-dan-Internet-Banking-Mandiri-11.jpg', '2023-10-16 22:00:00'),
(571, 2, '2023-07-25', '380000', 4, 'Ini-Dia-Bukti-Transfer-Mandiri-Dari-ATM-mBanking-dan-Internet-Banking-Mandiri-11.jpg', '2023-10-16 22:00:00'),
(572, 1, '2023-07-26', '342000', 4, 'Ini-Dia-Bukti-Transfer-Mandiri-Dari-ATM-mBanking-dan-Internet-Banking-Mandiri-11.jpg', '2023-10-16 22:00:00'),
(573, 2, '2023-07-27', '990000', 4, 'Ini-Dia-Bukti-Transfer-Mandiri-Dari-ATM-mBanking-dan-Internet-Banking-Mandiri-11.jpg', '2023-10-16 22:00:00'),
(574, 1, '2023-07-28', '440000', 4, 'Ini-Dia-Bukti-Transfer-Mandiri-Dari-ATM-mBanking-dan-Internet-Banking-Mandiri-11.jpg', '2023-10-16 22:00:00'),
(575, 2, '2023-07-29', '600000', 4, 'Ini-Dia-Bukti-Transfer-Mandiri-Dari-ATM-mBanking-dan-Internet-Banking-Mandiri-11.jpg', '2023-10-16 22:00:00'),
(576, 1, '2023-07-30', '680000', 4, 'Ini-Dia-Bukti-Transfer-Mandiri-Dari-ATM-mBanking-dan-Internet-Banking-Mandiri-11.jpg', '2023-10-16 22:00:00'),
(577, 2, '2023-07-31', '1081000', 4, 'Ini-Dia-Bukti-Transfer-Mandiri-Dari-ATM-mBanking-dan-Internet-Banking-Mandiri-11.jpg', '2023-10-16 22:00:00'),
(578, 1, '2023-08-01', '910000', 4, 'Ini-Dia-Bukti-Transfer-Mandiri-Dari-ATM-mBanking-dan-Internet-Banking-Mandiri-11.jpg', '2023-10-16 22:00:00'),
(579, 1, '2023-08-02', '558000', 4, 'Ini-Dia-Bukti-Transfer-Mandiri-Dari-ATM-mBanking-dan-Internet-Banking-Mandiri-11.jpg', '2023-10-16 22:00:00'),
(580, 1, '2023-08-03', '210000', 4, 'Ini-Dia-Bukti-Transfer-Mandiri-Dari-ATM-mBanking-dan-Internet-Banking-Mandiri-11.jpg', '2023-10-16 22:00:00'),
(581, 1, '2023-08-04', '640000', 4, 'Ini-Dia-Bukti-Transfer-Mandiri-Dari-ATM-mBanking-dan-Internet-Banking-Mandiri-11.jpg', '2023-10-16 22:00:00'),
(582, 1, '2023-08-05', '360000', 4, 'Ini-Dia-Bukti-Transfer-Mandiri-Dari-ATM-mBanking-dan-Internet-Banking-Mandiri-11.jpg', '2023-10-16 22:00:00'),
(583, 2, '2023-08-06', '1115500', 4, 'Ini-Dia-Bukti-Transfer-Mandiri-Dari-ATM-mBanking-dan-Internet-Banking-Mandiri-11.jpg', '2023-10-16 22:00:00'),
(584, 1, '2023-08-07', '180000', 4, 'Ini-Dia-Bukti-Transfer-Mandiri-Dari-ATM-mBanking-dan-Internet-Banking-Mandiri-11.jpg', '2023-10-16 22:00:00'),
(585, 2, '2023-08-08', '810000', 4, 'Ini-Dia-Bukti-Transfer-Mandiri-Dari-ATM-mBanking-dan-Internet-Banking-Mandiri-11.jpg', '2023-10-16 22:00:00'),
(586, 2, '2023-08-09', '391000', 4, 'Ini-Dia-Bukti-Transfer-Mandiri-Dari-ATM-mBanking-dan-Internet-Banking-Mandiri-11.jpg', '2023-10-16 22:00:00'),
(587, 2, '2023-08-10', '276000', 4, 'Ini-Dia-Bukti-Transfer-Mandiri-Dari-ATM-mBanking-dan-Internet-Banking-Mandiri-11.jpg', '2023-10-16 22:00:00'),
(588, 2, '2023-08-11', '410000', 4, 'Ini-Dia-Bukti-Transfer-Mandiri-Dari-ATM-mBanking-dan-Internet-Banking-Mandiri-11.jpg', '2023-10-16 22:00:00'),
(589, 2, '2023-08-12', '810000', 4, 'Ini-Dia-Bukti-Transfer-Mandiri-Dari-ATM-mBanking-dan-Internet-Banking-Mandiri-11.jpg', '2023-10-16 22:00:00'),
(590, 1, '2023-08-13', '396000', 4, 'Ini-Dia-Bukti-Transfer-Mandiri-Dari-ATM-mBanking-dan-Internet-Banking-Mandiri-11.jpg', '2023-10-16 22:00:00'),
(591, 1, '2023-08-14', '340000', 4, 'Ini-Dia-Bukti-Transfer-Mandiri-Dari-ATM-mBanking-dan-Internet-Banking-Mandiri-11.jpg', '2023-10-16 22:00:00'),
(592, 1, '2023-08-15', '423000', 4, 'Ini-Dia-Bukti-Transfer-Mandiri-Dari-ATM-mBanking-dan-Internet-Banking-Mandiri-11.jpg', '2023-10-16 22:00:00'),
(593, 2, '2023-08-16', '930000', 4, 'Ini-Dia-Bukti-Transfer-Mandiri-Dari-ATM-mBanking-dan-Internet-Banking-Mandiri-11.jpg', '2023-10-16 22:00:00'),
(594, 2, '2023-08-17', '1115500', 4, 'Ini-Dia-Bukti-Transfer-Mandiri-Dari-ATM-mBanking-dan-Internet-Banking-Mandiri-11.jpg', '2023-10-16 22:00:00'),
(595, 2, '2023-08-18', '950000', 4, 'Ini-Dia-Bukti-Transfer-Mandiri-Dari-ATM-mBanking-dan-Internet-Banking-Mandiri-11.jpg', '2023-10-16 22:00:00'),
(596, 1, '2023-08-19', '860000', 4, 'Ini-Dia-Bukti-Transfer-Mandiri-Dari-ATM-mBanking-dan-Internet-Banking-Mandiri-11.jpg', '2023-10-16 22:00:00'),
(597, 2, '2023-08-20', '828000', 4, 'Ini-Dia-Bukti-Transfer-Mandiri-Dari-ATM-mBanking-dan-Internet-Banking-Mandiri-11.jpg', '2023-10-16 22:00:00'),
(598, 1, '2023-08-21', '740000', 4, 'Ini-Dia-Bukti-Transfer-Mandiri-Dari-ATM-mBanking-dan-Internet-Banking-Mandiri-11.jpg', '2023-10-16 22:00:00'),
(599, 1, '2023-08-22', '380000', 4, 'Ini-Dia-Bukti-Transfer-Mandiri-Dari-ATM-mBanking-dan-Internet-Banking-Mandiri-11.jpg', '2023-10-16 22:00:00'),
(600, 1, '2023-08-23', '711000', 4, 'Ini-Dia-Bukti-Transfer-Mandiri-Dari-ATM-mBanking-dan-Internet-Banking-Mandiri-11.jpg', '2023-10-16 22:00:00'),
(601, 2, '2023-08-24', '300000', 4, 'Ini-Dia-Bukti-Transfer-Mandiri-Dari-ATM-mBanking-dan-Internet-Banking-Mandiri-11.jpg', '2023-10-16 22:00:00'),
(602, 2, '2023-08-25', '680000', 4, 'Ini-Dia-Bukti-Transfer-Mandiri-Dari-ATM-mBanking-dan-Internet-Banking-Mandiri-11.jpg', '2023-10-16 22:00:00'),
(603, 1, '2023-08-26', '180000', 4, 'Ini-Dia-Bukti-Transfer-Mandiri-Dari-ATM-mBanking-dan-Internet-Banking-Mandiri-11.jpg', '2023-10-16 22:00:00'),
(604, 1, '2023-08-27', '702000', 4, 'Ini-Dia-Bukti-Transfer-Mandiri-Dari-ATM-mBanking-dan-Internet-Banking-Mandiri-11.jpg', '2023-10-16 22:00:00'),
(605, 1, '2023-08-28', '702000', 4, 'Ini-Dia-Bukti-Transfer-Mandiri-Dari-ATM-mBanking-dan-Internet-Banking-Mandiri-11.jpg', '2023-10-16 22:00:00'),
(606, 2, '2023-08-29', '966000', 4, 'Ini-Dia-Bukti-Transfer-Mandiri-Dari-ATM-mBanking-dan-Internet-Banking-Mandiri-11.jpg', '2023-10-16 22:00:00'),
(607, 2, '2023-08-30', '552000', 4, 'Ini-Dia-Bukti-Transfer-Mandiri-Dari-ATM-mBanking-dan-Internet-Banking-Mandiri-11.jpg', '2023-10-16 22:00:00'),
(608, 2, '2023-08-31', '1069500', 4, 'Ini-Dia-Bukti-Transfer-Mandiri-Dari-ATM-mBanking-dan-Internet-Banking-Mandiri-11.jpg', '2023-10-16 22:00:00'),
(609, 1, '2023-09-01', '660000', 4, 'Ini-Dia-Bukti-Transfer-Mandiri-Dari-ATM-mBanking-dan-Internet-Banking-Mandiri-11.jpg', '2023-10-16 22:00:00'),
(610, 2, '2023-09-02', '990000', 4, 'Ini-Dia-Bukti-Transfer-Mandiri-Dari-ATM-mBanking-dan-Internet-Banking-Mandiri-11.jpg', '2023-10-16 22:00:00'),
(611, 2, '2023-09-03', '780000', 4, 'Ini-Dia-Bukti-Transfer-Mandiri-Dari-ATM-mBanking-dan-Internet-Banking-Mandiri-11.jpg', '2023-10-16 22:00:00'),
(612, 1, '2023-09-04', '680000', 4, 'Ini-Dia-Bukti-Transfer-Mandiri-Dari-ATM-mBanking-dan-Internet-Banking-Mandiri-11.jpg', '2023-10-16 22:00:00'),
(613, 2, '2023-09-05', '816500', 4, 'Ini-Dia-Bukti-Transfer-Mandiri-Dari-ATM-mBanking-dan-Internet-Banking-Mandiri-11.jpg', '2023-10-16 22:00:00'),
(614, 1, '2023-09-06', '160000', 4, 'Ini-Dia-Bukti-Transfer-Mandiri-Dari-ATM-mBanking-dan-Internet-Banking-Mandiri-11.jpg', '2023-10-16 22:00:00'),
(615, 1, '2023-09-07', '180000', 4, 'Ini-Dia-Bukti-Transfer-Mandiri-Dari-ATM-mBanking-dan-Internet-Banking-Mandiri-11.jpg', '2023-10-16 22:00:00'),
(616, 1, '2023-09-08', '855000', 4, 'Ini-Dia-Bukti-Transfer-Mandiri-Dari-ATM-mBanking-dan-Internet-Banking-Mandiri-11.jpg', '2023-10-16 22:00:00'),
(617, 2, '2023-09-09', '287500', 4, 'Ini-Dia-Bukti-Transfer-Mandiri-Dari-ATM-mBanking-dan-Internet-Banking-Mandiri-11.jpg', '2023-10-16 22:00:00'),
(618, 1, '2023-09-10', '670000', 4, 'Ini-Dia-Bukti-Transfer-Mandiri-Dari-ATM-mBanking-dan-Internet-Banking-Mandiri-11.jpg', '2023-10-16 22:00:00'),
(619, 2, '2023-09-11', '253000', 4, 'Ini-Dia-Bukti-Transfer-Mandiri-Dari-ATM-mBanking-dan-Internet-Banking-Mandiri-11.jpg', '2023-10-16 22:00:00'),
(620, 2, '2023-09-12', '120000', 4, 'Ini-Dia-Bukti-Transfer-Mandiri-Dari-ATM-mBanking-dan-Internet-Banking-Mandiri-11.jpg', '2023-10-16 22:00:00'),
(621, 2, '2023-09-13', '770000', 4, 'Ini-Dia-Bukti-Transfer-Mandiri-Dari-ATM-mBanking-dan-Internet-Banking-Mandiri-11.jpg', '2023-10-16 22:00:00'),
(622, 2, '2023-09-14', '506000', 4, 'Ini-Dia-Bukti-Transfer-Mandiri-Dari-ATM-mBanking-dan-Internet-Banking-Mandiri-11.jpg', '2023-10-16 22:00:00'),
(623, 1, '2023-09-15', '430000', 4, 'Ini-Dia-Bukti-Transfer-Mandiri-Dari-ATM-mBanking-dan-Internet-Banking-Mandiri-11.jpg', '2023-10-16 22:00:00'),
(624, 2, '2023-09-16', '931500', 4, 'Ini-Dia-Bukti-Transfer-Mandiri-Dari-ATM-mBanking-dan-Internet-Banking-Mandiri-11.jpg', '2023-10-16 22:00:00'),
(625, 1, '2023-09-17', '740000', 4, 'Ini-Dia-Bukti-Transfer-Mandiri-Dari-ATM-mBanking-dan-Internet-Banking-Mandiri-11.jpg', '2023-10-16 22:00:00'),
(626, 2, '2023-09-18', '130000', 4, 'Ini-Dia-Bukti-Transfer-Mandiri-Dari-ATM-mBanking-dan-Internet-Banking-Mandiri-11.jpg', '2023-10-16 22:00:00'),
(627, 2, '2023-09-19', '440000', 4, 'Ini-Dia-Bukti-Transfer-Mandiri-Dari-ATM-mBanking-dan-Internet-Banking-Mandiri-11.jpg', '2023-10-16 22:00:00'),
(628, 2, '2023-09-20', '400000', 4, 'Ini-Dia-Bukti-Transfer-Mandiri-Dari-ATM-mBanking-dan-Internet-Banking-Mandiri-11.jpg', '2023-10-16 22:00:00'),
(629, 1, '2023-09-21', '180000', 4, 'Ini-Dia-Bukti-Transfer-Mandiri-Dari-ATM-mBanking-dan-Internet-Banking-Mandiri-11.jpg', '2023-10-16 22:00:00'),
(630, 2, '2023-09-22', '200000', 4, 'Ini-Dia-Bukti-Transfer-Mandiri-Dari-ATM-mBanking-dan-Internet-Banking-Mandiri-11.jpg', '2023-10-16 22:00:00'),
(631, 1, '2023-09-23', '711000', 4, 'Ini-Dia-Bukti-Transfer-Mandiri-Dari-ATM-mBanking-dan-Internet-Banking-Mandiri-11.jpg', '2023-10-16 22:00:00'),
(632, 2, '2023-09-24', '471500', 4, 'Ini-Dia-Bukti-Transfer-Mandiri-Dari-ATM-mBanking-dan-Internet-Banking-Mandiri-11.jpg', '2023-10-16 22:00:00'),
(633, 1, '2023-09-25', '639000', 4, 'Ini-Dia-Bukti-Transfer-Mandiri-Dari-ATM-mBanking-dan-Internet-Banking-Mandiri-11.jpg', '2023-10-16 22:00:00'),
(634, 1, '2023-09-26', '414000', 4, 'Ini-Dia-Bukti-Transfer-Mandiri-Dari-ATM-mBanking-dan-Internet-Banking-Mandiri-11.jpg', '2023-10-16 22:00:00'),
(635, 1, '2023-09-27', '738000', 4, 'Ini-Dia-Bukti-Transfer-Mandiri-Dari-ATM-mBanking-dan-Internet-Banking-Mandiri-11.jpg', '2023-10-16 22:00:00'),
(636, 1, '2023-09-28', '690000', 4, 'Ini-Dia-Bukti-Transfer-Mandiri-Dari-ATM-mBanking-dan-Internet-Banking-Mandiri-11.jpg', '2023-10-16 22:00:00'),
(637, 2, '2023-09-29', '440000', 4, 'Ini-Dia-Bukti-Transfer-Mandiri-Dari-ATM-mBanking-dan-Internet-Banking-Mandiri-11.jpg', '2023-10-16 22:00:00'),
(638, 2, '2023-09-30', '140000', 4, 'Ini-Dia-Bukti-Transfer-Mandiri-Dari-ATM-mBanking-dan-Internet-Banking-Mandiri-11.jpg', '2023-10-16 22:00:00'),
(639, 2, '2023-10-01', '437000', 4, 'Ini-Dia-Bukti-Transfer-Mandiri-Dari-ATM-mBanking-dan-Internet-Banking-Mandiri-11.jpg', '2023-10-16 22:00:00'),
(640, 2, '2023-10-02', '1127000', 4, 'Ini-Dia-Bukti-Transfer-Mandiri-Dari-ATM-mBanking-dan-Internet-Banking-Mandiri-11.jpg', '2023-10-16 22:00:00'),
(641, 2, '2023-10-03', '980000', 4, 'Ini-Dia-Bukti-Transfer-Mandiri-Dari-ATM-mBanking-dan-Internet-Banking-Mandiri-11.jpg', '2023-10-16 22:00:00'),
(642, 2, '2023-10-04', '724500', 4, 'Ini-Dia-Bukti-Transfer-Mandiri-Dari-ATM-mBanking-dan-Internet-Banking-Mandiri-11.jpg', '2023-10-16 22:00:00'),
(643, 2, '2023-10-05', '510000', 4, 'Ini-Dia-Bukti-Transfer-Mandiri-Dari-ATM-mBanking-dan-Internet-Banking-Mandiri-11.jpg', '2023-10-16 22:00:00'),
(644, 1, '2023-10-06', '738000', 4, 'Ini-Dia-Bukti-Transfer-Mandiri-Dari-ATM-mBanking-dan-Internet-Banking-Mandiri-11.jpg', '2023-10-16 22:00:00'),
(645, 2, '2023-10-07', '800000', 4, 'Ini-Dia-Bukti-Transfer-Mandiri-Dari-ATM-mBanking-dan-Internet-Banking-Mandiri-11.jpg', '2023-10-16 22:00:00'),
(646, 1, '2023-10-08', '171000', 4, 'Ini-Dia-Bukti-Transfer-Mandiri-Dari-ATM-mBanking-dan-Internet-Banking-Mandiri-11.jpg', '2023-10-16 22:00:00'),
(647, 2, '2023-10-09', '1104000', 4, 'Ini-Dia-Bukti-Transfer-Mandiri-Dari-ATM-mBanking-dan-Internet-Banking-Mandiri-11.jpg', '2023-10-16 22:00:00'),
(648, 2, '2023-10-10', '241500', 4, 'Ini-Dia-Bukti-Transfer-Mandiri-Dari-ATM-mBanking-dan-Internet-Banking-Mandiri-11.jpg', '2023-10-16 22:00:00'),
(649, 2, '2023-10-11', '678500', 4, 'Ini-Dia-Bukti-Transfer-Mandiri-Dari-ATM-mBanking-dan-Internet-Banking-Mandiri-11.jpg', '2023-10-16 22:00:00'),
(650, 2, '2023-10-12', '805000', 4, 'Ini-Dia-Bukti-Transfer-Mandiri-Dari-ATM-mBanking-dan-Internet-Banking-Mandiri-11.jpg', '2023-10-16 22:00:00'),
(651, 2, '2023-10-13', '770000', 4, 'Ini-Dia-Bukti-Transfer-Mandiri-Dari-ATM-mBanking-dan-Internet-Banking-Mandiri-11.jpg', '2023-10-16 22:00:00'),
(652, 2, '2023-10-14', '620000', 4, 'Ini-Dia-Bukti-Transfer-Mandiri-Dari-ATM-mBanking-dan-Internet-Banking-Mandiri-11.jpg', '2023-10-16 22:00:00'),
(653, 1, '2023-10-15', '783000', 4, 'Ini-Dia-Bukti-Transfer-Mandiri-Dari-ATM-mBanking-dan-Internet-Banking-Mandiri-11.jpg', '2023-10-16 22:00:00'),
(654, 1, '2023-10-16', '369000', 4, 'Ini-Dia-Bukti-Transfer-Mandiri-Dari-ATM-mBanking-dan-Internet-Banking-Mandiri-11.jpg', '2023-10-16 22:00:00'),
(655, 1, '2023-10-17', '135000', 4, 'Ini-Dia-Bukti-Transfer-Mandiri-Dari-ATM-mBanking-dan-Internet-Banking-Mandiri-11.jpg', '2023-10-16 22:00:00'),
(656, 2, '2023-10-18', '862500', 4, 'Ini-Dia-Bukti-Transfer-Mandiri-Dari-ATM-mBanking-dan-Internet-Banking-Mandiri-11.jpg', '2023-10-16 22:00:00'),
(657, 2, '2023-10-19', '840000', 4, 'Ini-Dia-Bukti-Transfer-Mandiri-Dari-ATM-mBanking-dan-Internet-Banking-Mandiri-11.jpg', '2023-10-16 22:00:00'),
(658, 2, '2023-10-20', '184000', 4, 'Ini-Dia-Bukti-Transfer-Mandiri-Dari-ATM-mBanking-dan-Internet-Banking-Mandiri-11.jpg', '2023-10-16 22:00:00'),
(659, 2, '2023-10-21', '230000', 4, 'Ini-Dia-Bukti-Transfer-Mandiri-Dari-ATM-mBanking-dan-Internet-Banking-Mandiri-11.jpg', '2023-10-16 22:00:00'),
(660, 2, '2023-10-22', '977500', 4, 'Ini-Dia-Bukti-Transfer-Mandiri-Dari-ATM-mBanking-dan-Internet-Banking-Mandiri-11.jpg', '2023-10-16 22:00:00'),
(661, 1, '2023-10-23', '710000', 4, 'Ini-Dia-Bukti-Transfer-Mandiri-Dari-ATM-mBanking-dan-Internet-Banking-Mandiri-11.jpg', '2023-10-16 22:00:00'),
(662, 2, '2023-10-24', '540500', 4, 'Ini-Dia-Bukti-Transfer-Mandiri-Dari-ATM-mBanking-dan-Internet-Banking-Mandiri-11.jpg', '2023-10-16 22:00:00'),
(663, 1, '2023-10-27', '425000', 0, '0', '2023-10-27 00:46:46');

-- --------------------------------------------------------

--
-- Table structure for table `peramalan`
--

CREATE TABLE `peramalan` (
  `id_peramalan` int(11) NOT NULL,
  `id_beras` int(11) NOT NULL,
  `periode` varchar(20) NOT NULL,
  `tot_penjualan` varchar(20) NOT NULL,
  `tyt` varchar(20) NOT NULL,
  `t_kuadrat` varchar(20) NOT NULL,
  `periode_sel` varchar(20) NOT NULL,
  `hasil` varchar(20) NOT NULL
) ENGINE=InnoDB DEFAULT CHARSET=latin1;

-- --------------------------------------------------------

--
-- Table structure for table `supplier`
--

CREATE TABLE `supplier` (
  `id_supplier` int(11) NOT NULL,
  `nama_supplier` varchar(125) NOT NULL,
  `alamat_supplier` text NOT NULL,
  `no_hp_supplier` varchar(15) NOT NULL,
  `username_supp` varchar(50) NOT NULL,
  `pass_supp` varchar(50) NOT NULL
) ENGINE=InnoDB DEFAULT CHARSET=latin1;

--
-- Dumping data for table `supplier`
--

INSERT INTO `supplier` (`id_supplier`, `nama_supplier`, `alamat_supplier`, `no_hp_supplier`, `username_supp`, `pass_supp`) VALUES
(1, 'Supplier', 'Kuningan, Jawa Barat', '089877656512', 'supplier', 'supplier'),
(2, 'Supplier 2', 'Kuningan, Jawa Barat', '08998712343', 'supplier2', 'supplier2');

-- --------------------------------------------------------

--
-- Table structure for table `transaksi_beras`
--

CREATE TABLE `transaksi_beras` (
  `id_transaksi` int(11) NOT NULL,
  `id_user` int(11) NOT NULL,
  `tgl_transaksi` varchar(15) NOT NULL,
  `total_transaksi` varchar(15) NOT NULL,
  `status_transaksi` int(11) NOT NULL,
  `bukpem_transaksi` text NOT NULL
) ENGINE=InnoDB DEFAULT CHARSET=latin1;

--
-- Dumping data for table `transaksi_beras`
--

INSERT INTO `transaksi_beras` (`id_transaksi`, `id_user`, `tgl_transaksi`, `total_transaksi`, `status_transaksi`, `bukpem_transaksi`) VALUES
(1, 7, '2023-01-01', '750000', 4, 'Ini-Dia-Bukti-Transfer-Mandiri-Dari-ATM-mBanking-dan-Internet-Banking-Mandiri-13.jpg'),
(2, 6, '2023-01-02', '550000', 4, 'Ini-Dia-Bukti-Transfer-Mandiri-Dari-ATM-mBanking-dan-Internet-Banking-Mandiri-13.jpg'),
(3, 9, '2023-01-03', '590000', 4, 'Ini-Dia-Bukti-Transfer-Mandiri-Dari-ATM-mBanking-dan-Internet-Banking-Mandiri-13.jpg'),
(4, 1, '2023-01-04', '800000', 4, 'Ini-Dia-Bukti-Transfer-Mandiri-Dari-ATM-mBanking-dan-Internet-Banking-Mandiri-13.jpg'),
(5, 4, '2023-01-05', '649000', 4, 'Ini-Dia-Bukti-Transfer-Mandiri-Dari-ATM-mBanking-dan-Internet-Banking-Mandiri-13.jpg'),
(6, 9, '2023-01-06', '594000', 4, 'Ini-Dia-Bukti-Transfer-Mandiri-Dari-ATM-mBanking-dan-Internet-Banking-Mandiri-13.jpg'),
(7, 3, '2023-01-07', '590000', 4, 'Ini-Dia-Bukti-Transfer-Mandiri-Dari-ATM-mBanking-dan-Internet-Banking-Mandiri-13.jpg'),
(8, 7, '2023-01-08', '770000', 4, 'Ini-Dia-Bukti-Transfer-Mandiri-Dari-ATM-mBanking-dan-Internet-Banking-Mandiri-13.jpg'),
(9, 9, '2023-01-09', '975000', 4, 'Ini-Dia-Bukti-Transfer-Mandiri-Dari-ATM-mBanking-dan-Internet-Banking-Mandiri-13.jpg'),
(10, 10, '2023-01-10', '1000000', 4, 'Ini-Dia-Bukti-Transfer-Mandiri-Dari-ATM-mBanking-dan-Internet-Banking-Mandiri-13.jpg'),
(11, 5, '2023-01-11', '950000', 4, 'Ini-Dia-Bukti-Transfer-Mandiri-Dari-ATM-mBanking-dan-Internet-Banking-Mandiri-13.jpg'),
(12, 1, '2023-01-12', '530000', 4, 'Ini-Dia-Bukti-Transfer-Mandiri-Dari-ATM-mBanking-dan-Internet-Banking-Mandiri-13.jpg'),
(13, 3, '2023-01-13', '715000', 4, 'Ini-Dia-Bukti-Transfer-Mandiri-Dari-ATM-mBanking-dan-Internet-Banking-Mandiri-13.jpg'),
(14, 9, '2023-01-14', '850000', 4, 'Ini-Dia-Bukti-Transfer-Mandiri-Dari-ATM-mBanking-dan-Internet-Banking-Mandiri-13.jpg'),
(15, 9, '2023-01-15', '913000', 4, 'Ini-Dia-Bukti-Transfer-Mandiri-Dari-ATM-mBanking-dan-Internet-Banking-Mandiri-13.jpg'),
(16, 10, '2023-01-16', '650000', 4, 'Ini-Dia-Bukti-Transfer-Mandiri-Dari-ATM-mBanking-dan-Internet-Banking-Mandiri-13.jpg'),
(17, 3, '2023-01-17', '957000', 4, 'Ini-Dia-Bukti-Transfer-Mandiri-Dari-ATM-mBanking-dan-Internet-Banking-Mandiri-13.jpg'),
(18, 8, '2023-01-18', '1056000', 4, 'Ini-Dia-Bukti-Transfer-Mandiri-Dari-ATM-mBanking-dan-Internet-Banking-Mandiri-13.jpg'),
(19, 5, '2023-01-19', '1100000', 4, 'Ini-Dia-Bukti-Transfer-Mandiri-Dari-ATM-mBanking-dan-Internet-Banking-Mandiri-13.jpg'),
(20, 1, '2023-01-20', '561000', 4, 'Ini-Dia-Bukti-Transfer-Mandiri-Dari-ATM-mBanking-dan-Internet-Banking-Mandiri-13.jpg'),
(21, 8, '2023-01-21', '1100000', 4, 'Ini-Dia-Bukti-Transfer-Mandiri-Dari-ATM-mBanking-dan-Internet-Banking-Mandiri-13.jpg'),
(22, 9, '2023-01-22', '960000', 4, 'Ini-Dia-Bukti-Transfer-Mandiri-Dari-ATM-mBanking-dan-Internet-Banking-Mandiri-13.jpg'),
(23, 6, '2023-01-23', '590000', 4, 'Ini-Dia-Bukti-Transfer-Mandiri-Dari-ATM-mBanking-dan-Internet-Banking-Mandiri-13.jpg'),
(24, 8, '2023-01-24', '1237500', 4, 'Ini-Dia-Bukti-Transfer-Mandiri-Dari-ATM-mBanking-dan-Internet-Banking-Mandiri-13.jpg'),
(25, 2, '2023-01-25', '560000', 4, 'Ini-Dia-Bukti-Transfer-Mandiri-Dari-ATM-mBanking-dan-Internet-Banking-Mandiri-13.jpg'),
(26, 9, '2023-01-26', '1212500', 4, 'Ini-Dia-Bukti-Transfer-Mandiri-Dari-ATM-mBanking-dan-Internet-Banking-Mandiri-13.jpg'),
(27, 7, '2023-01-27', '1125000', 4, 'Ini-Dia-Bukti-Transfer-Mandiri-Dari-ATM-mBanking-dan-Internet-Banking-Mandiri-13.jpg'),
(28, 2, '2023-01-28', '869000', 4, 'Ini-Dia-Bukti-Transfer-Mandiri-Dari-ATM-mBanking-dan-Internet-Banking-Mandiri-13.jpg'),
(29, 10, '2023-01-29', '690000', 4, 'Ini-Dia-Bukti-Transfer-Mandiri-Dari-ATM-mBanking-dan-Internet-Banking-Mandiri-13.jpg'),
(30, 3, '2023-01-30', '979000', 4, 'Ini-Dia-Bukti-Transfer-Mandiri-Dari-ATM-mBanking-dan-Internet-Banking-Mandiri-13.jpg'),
(31, 10, '2023-01-31', '1078000', 4, 'Ini-Dia-Bukti-Transfer-Mandiri-Dari-ATM-mBanking-dan-Internet-Banking-Mandiri-13.jpg'),
(32, 3, '2023-02-01', '830000', 4, 'Ini-Dia-Bukti-Transfer-Mandiri-Dari-ATM-mBanking-dan-Internet-Banking-Mandiri-13.jpg'),
(33, 9, '2023-02-02', '990000', 4, 'Ini-Dia-Bukti-Transfer-Mandiri-Dari-ATM-mBanking-dan-Internet-Banking-Mandiri-13.jpg'),
(34, 10, '2023-02-03', '902000', 4, 'Ini-Dia-Bukti-Transfer-Mandiri-Dari-ATM-mBanking-dan-Internet-Banking-Mandiri-13.jpg'),
(35, 5, '2023-02-04', '862500', 4, 'Ini-Dia-Bukti-Transfer-Mandiri-Dari-ATM-mBanking-dan-Internet-Banking-Mandiri-13.jpg'),
(36, 6, '2023-02-05', '800000', 4, 'Ini-Dia-Bukti-Transfer-Mandiri-Dari-ATM-mBanking-dan-Internet-Banking-Mandiri-13.jpg'),
(37, 2, '2023-02-06', '638000', 4, 'Ini-Dia-Bukti-Transfer-Mandiri-Dari-ATM-mBanking-dan-Internet-Banking-Mandiri-13.jpg'),
(38, 8, '2023-02-07', '704000', 4, 'Ini-Dia-Bukti-Transfer-Mandiri-Dari-ATM-mBanking-dan-Internet-Banking-Mandiri-13.jpg'),
(39, 2, '2023-02-08', '550000', 4, 'Ini-Dia-Bukti-Transfer-Mandiri-Dari-ATM-mBanking-dan-Internet-Banking-Mandiri-13.jpg'),
(40, 4, '2023-02-09', '858000', 4, 'Ini-Dia-Bukti-Transfer-Mandiri-Dari-ATM-mBanking-dan-Internet-Banking-Mandiri-13.jpg'),
(41, 10, '2023-02-10', '792000', 4, 'Ini-Dia-Bukti-Transfer-Mandiri-Dari-ATM-mBanking-dan-Internet-Banking-Mandiri-13.jpg'),
(42, 5, '2023-02-11', '902000', 4, 'Ini-Dia-Bukti-Transfer-Mandiri-Dari-ATM-mBanking-dan-Internet-Banking-Mandiri-13.jpg'),
(43, 5, '2023-02-12', '812500', 4, 'Ini-Dia-Bukti-Transfer-Mandiri-Dari-ATM-mBanking-dan-Internet-Banking-Mandiri-13.jpg'),
(44, 5, '2023-02-13', '650000', 4, 'Ini-Dia-Bukti-Transfer-Mandiri-Dari-ATM-mBanking-dan-Internet-Banking-Mandiri-13.jpg'),
(45, 9, '2023-02-14', '760000', 4, 'Ini-Dia-Bukti-Transfer-Mandiri-Dari-ATM-mBanking-dan-Internet-Banking-Mandiri-13.jpg'),
(46, 9, '2023-02-15', '957000', 4, 'Ini-Dia-Bukti-Transfer-Mandiri-Dari-ATM-mBanking-dan-Internet-Banking-Mandiri-13.jpg'),
(47, 8, '2023-02-16', '759000', 4, 'Ini-Dia-Bukti-Transfer-Mandiri-Dari-ATM-mBanking-dan-Internet-Banking-Mandiri-13.jpg'),
(48, 10, '2023-02-17', '737000', 4, 'Ini-Dia-Bukti-Transfer-Mandiri-Dari-ATM-mBanking-dan-Internet-Banking-Mandiri-13.jpg'),
(49, 7, '2023-02-18', '825000', 4, 'Ini-Dia-Bukti-Transfer-Mandiri-Dari-ATM-mBanking-dan-Internet-Banking-Mandiri-13.jpg'),
(50, 8, '2023-02-19', '1000000', 4, 'Ini-Dia-Bukti-Transfer-Mandiri-Dari-ATM-mBanking-dan-Internet-Banking-Mandiri-13.jpg'),
(51, 1, '2023-02-20', '670000', 4, 'Ini-Dia-Bukti-Transfer-Mandiri-Dari-ATM-mBanking-dan-Internet-Banking-Mandiri-13.jpg'),
(52, 1, '2023-02-21', '1023000', 4, 'Ini-Dia-Bukti-Transfer-Mandiri-Dari-ATM-mBanking-dan-Internet-Banking-Mandiri-13.jpg'),
(53, 5, '2023-02-22', '762500', 4, 'Ini-Dia-Bukti-Transfer-Mandiri-Dari-ATM-mBanking-dan-Internet-Banking-Mandiri-13.jpg'),
(54, 8, '2023-02-23', '830000', 4, 'Ini-Dia-Bukti-Transfer-Mandiri-Dari-ATM-mBanking-dan-Internet-Banking-Mandiri-13.jpg'),
(55, 7, '2023-02-24', '682000', 4, 'Ini-Dia-Bukti-Transfer-Mandiri-Dari-ATM-mBanking-dan-Internet-Banking-Mandiri-13.jpg'),
(56, 5, '2023-02-25', '660000', 4, 'Ini-Dia-Bukti-Transfer-Mandiri-Dari-ATM-mBanking-dan-Internet-Banking-Mandiri-13.jpg'),
(57, 1, '2023-02-26', '712500', 4, 'Ini-Dia-Bukti-Transfer-Mandiri-Dari-ATM-mBanking-dan-Internet-Banking-Mandiri-13.jpg'),
(58, 3, '2023-02-27', '925000', 4, 'Ini-Dia-Bukti-Transfer-Mandiri-Dari-ATM-mBanking-dan-Internet-Banking-Mandiri-13.jpg'),
(59, 6, '2023-02-28', '550000', 4, 'Ini-Dia-Bukti-Transfer-Mandiri-Dari-ATM-mBanking-dan-Internet-Banking-Mandiri-13.jpg'),
(60, 6, '2023-03-01', '625000', 4, 'Ini-Dia-Bukti-Transfer-Mandiri-Dari-ATM-mBanking-dan-Internet-Banking-Mandiri-13.jpg'),
(61, 4, '2023-03-02', '1137500', 4, 'Ini-Dia-Bukti-Transfer-Mandiri-Dari-ATM-mBanking-dan-Internet-Banking-Mandiri-13.jpg'),
(62, 3, '2023-03-03', '737000', 4, 'Ini-Dia-Bukti-Transfer-Mandiri-Dari-ATM-mBanking-dan-Internet-Banking-Mandiri-13.jpg'),
(63, 4, '2023-03-04', '1001000', 4, 'Ini-Dia-Bukti-Transfer-Mandiri-Dari-ATM-mBanking-dan-Internet-Banking-Mandiri-13.jpg'),
(64, 2, '2023-03-05', '660000', 4, 'Ini-Dia-Bukti-Transfer-Mandiri-Dari-ATM-mBanking-dan-Internet-Banking-Mandiri-13.jpg'),
(65, 2, '2023-03-06', '627000', 4, 'Ini-Dia-Bukti-Transfer-Mandiri-Dari-ATM-mBanking-dan-Internet-Banking-Mandiri-13.jpg'),
(66, 10, '2023-03-07', '650000', 4, 'Ini-Dia-Bukti-Transfer-Mandiri-Dari-ATM-mBanking-dan-Internet-Banking-Mandiri-13.jpg'),
(67, 9, '2023-03-08', '660000', 4, 'Ini-Dia-Bukti-Transfer-Mandiri-Dari-ATM-mBanking-dan-Internet-Banking-Mandiri-13.jpg'),
(68, 9, '2023-03-09', '887500', 4, 'Ini-Dia-Bukti-Transfer-Mandiri-Dari-ATM-mBanking-dan-Internet-Banking-Mandiri-13.jpg'),
(69, 9, '2023-03-10', '836000', 4, 'Ini-Dia-Bukti-Transfer-Mandiri-Dari-ATM-mBanking-dan-Internet-Banking-Mandiri-13.jpg'),
(70, 7, '2023-03-11', '890000', 4, 'Ini-Dia-Bukti-Transfer-Mandiri-Dari-ATM-mBanking-dan-Internet-Banking-Mandiri-13.jpg'),
(71, 6, '2023-03-12', '900000', 4, 'Ini-Dia-Bukti-Transfer-Mandiri-Dari-ATM-mBanking-dan-Internet-Banking-Mandiri-13.jpg'),
(72, 1, '2023-03-13', '946000', 4, 'Ini-Dia-Bukti-Transfer-Mandiri-Dari-ATM-mBanking-dan-Internet-Banking-Mandiri-13.jpg'),
(73, 3, '2023-03-14', '682000', 4, 'Ini-Dia-Bukti-Transfer-Mandiri-Dari-ATM-mBanking-dan-Internet-Banking-Mandiri-13.jpg'),
(74, 8, '2023-03-15', '590000', 4, 'Ini-Dia-Bukti-Transfer-Mandiri-Dari-ATM-mBanking-dan-Internet-Banking-Mandiri-13.jpg'),
(75, 5, '2023-03-16', '760000', 4, 'Ini-Dia-Bukti-Transfer-Mandiri-Dari-ATM-mBanking-dan-Internet-Banking-Mandiri-13.jpg'),
(76, 3, '2023-03-17', '880000', 4, 'Ini-Dia-Bukti-Transfer-Mandiri-Dari-ATM-mBanking-dan-Internet-Banking-Mandiri-13.jpg'),
(77, 10, '2023-03-18', '725000', 4, 'Ini-Dia-Bukti-Transfer-Mandiri-Dari-ATM-mBanking-dan-Internet-Banking-Mandiri-13.jpg'),
(78, 7, '2023-03-19', '858000', 4, 'Ini-Dia-Bukti-Transfer-Mandiri-Dari-ATM-mBanking-dan-Internet-Banking-Mandiri-13.jpg'),
(79, 9, '2023-03-20', '530000', 4, 'Ini-Dia-Bukti-Transfer-Mandiri-Dari-ATM-mBanking-dan-Internet-Banking-Mandiri-13.jpg'),
(80, 8, '2023-03-21', '780000', 4, 'Ini-Dia-Bukti-Transfer-Mandiri-Dari-ATM-mBanking-dan-Internet-Banking-Mandiri-13.jpg'),
(81, 2, '2023-03-22', '847000', 4, 'Ini-Dia-Bukti-Transfer-Mandiri-Dari-ATM-mBanking-dan-Internet-Banking-Mandiri-13.jpg'),
(82, 6, '2023-03-23', '950000', 4, 'Ini-Dia-Bukti-Transfer-Mandiri-Dari-ATM-mBanking-dan-Internet-Banking-Mandiri-13.jpg'),
(83, 3, '2023-03-24', '572000', 4, 'Ini-Dia-Bukti-Transfer-Mandiri-Dari-ATM-mBanking-dan-Internet-Banking-Mandiri-13.jpg'),
(84, 10, '2023-03-25', '781000', 4, 'Ini-Dia-Bukti-Transfer-Mandiri-Dari-ATM-mBanking-dan-Internet-Banking-Mandiri-13.jpg'),
(85, 7, '2023-03-26', '902000', 4, 'Ini-Dia-Bukti-Transfer-Mandiri-Dari-ATM-mBanking-dan-Internet-Banking-Mandiri-13.jpg'),
(86, 2, '2023-03-27', '900000', 4, 'Ini-Dia-Bukti-Transfer-Mandiri-Dari-ATM-mBanking-dan-Internet-Banking-Mandiri-13.jpg'),
(87, 3, '2023-03-28', '900000', 4, 'Ini-Dia-Bukti-Transfer-Mandiri-Dari-ATM-mBanking-dan-Internet-Banking-Mandiri-13.jpg'),
(88, 3, '2023-03-29', '1056000', 4, 'Ini-Dia-Bukti-Transfer-Mandiri-Dari-ATM-mBanking-dan-Internet-Banking-Mandiri-13.jpg'),
(89, 3, '2023-03-30', '836000', 4, 'Ini-Dia-Bukti-Transfer-Mandiri-Dari-ATM-mBanking-dan-Internet-Banking-Mandiri-13.jpg'),
(90, 3, '2023-03-31', '620000', 4, 'Ini-Dia-Bukti-Transfer-Mandiri-Dari-ATM-mBanking-dan-Internet-Banking-Mandiri-13.jpg'),
(91, 3, '2023-04-01', '737500', 4, 'Ini-Dia-Bukti-Transfer-Mandiri-Dari-ATM-mBanking-dan-Internet-Banking-Mandiri-13.jpg'),
(92, 10, '2023-04-02', '780000', 4, 'Ini-Dia-Bukti-Transfer-Mandiri-Dari-ATM-mBanking-dan-Internet-Banking-Mandiri-13.jpg'),
(93, 4, '2023-04-03', '803000', 4, 'Ini-Dia-Bukti-Transfer-Mandiri-Dari-ATM-mBanking-dan-Internet-Banking-Mandiri-13.jpg'),
(94, 1, '2023-04-04', '570000', 4, 'Ini-Dia-Bukti-Transfer-Mandiri-Dari-ATM-mBanking-dan-Internet-Banking-Mandiri-13.jpg'),
(95, 3, '2023-04-05', '803000', 4, 'Ini-Dia-Bukti-Transfer-Mandiri-Dari-ATM-mBanking-dan-Internet-Banking-Mandiri-13.jpg'),
(96, 7, '2023-04-06', '962500', 4, 'Ini-Dia-Bukti-Transfer-Mandiri-Dari-ATM-mBanking-dan-Internet-Banking-Mandiri-13.jpg'),
(97, 9, '2023-04-07', '616000', 4, 'Ini-Dia-Bukti-Transfer-Mandiri-Dari-ATM-mBanking-dan-Internet-Banking-Mandiri-13.jpg'),
(98, 10, '2023-04-08', '800000', 4, 'Ini-Dia-Bukti-Transfer-Mandiri-Dari-ATM-mBanking-dan-Internet-Banking-Mandiri-13.jpg'),
(99, 3, '2023-04-09', '1034000', 4, 'Ini-Dia-Bukti-Transfer-Mandiri-Dari-ATM-mBanking-dan-Internet-Banking-Mandiri-13.jpg'),
(100, 1, '2023-04-10', '570000', 4, 'Ini-Dia-Bukti-Transfer-Mandiri-Dari-ATM-mBanking-dan-Internet-Banking-Mandiri-13.jpg'),
(101, 10, '2023-04-11', '1112500', 4, 'Ini-Dia-Bukti-Transfer-Mandiri-Dari-ATM-mBanking-dan-Internet-Banking-Mandiri-13.jpg'),
(102, 2, '2023-04-12', '920000', 4, 'Ini-Dia-Bukti-Transfer-Mandiri-Dari-ATM-mBanking-dan-Internet-Banking-Mandiri-13.jpg'),
(103, 3, '2023-04-13', '748000', 4, 'Ini-Dia-Bukti-Transfer-Mandiri-Dari-ATM-mBanking-dan-Internet-Banking-Mandiri-13.jpg'),
(104, 10, '2023-04-14', '1187500', 4, 'Ini-Dia-Bukti-Transfer-Mandiri-Dari-ATM-mBanking-dan-Internet-Banking-Mandiri-13.jpg'),
(105, 3, '2023-04-15', '1012500', 4, 'Ini-Dia-Bukti-Transfer-Mandiri-Dari-ATM-mBanking-dan-Internet-Banking-Mandiri-13.jpg'),
(106, 7, '2023-04-16', '572000', 4, 'Ini-Dia-Bukti-Transfer-Mandiri-Dari-ATM-mBanking-dan-Internet-Banking-Mandiri-13.jpg'),
(107, 10, '2023-04-17', '957000', 4, 'Ini-Dia-Bukti-Transfer-Mandiri-Dari-ATM-mBanking-dan-Internet-Banking-Mandiri-13.jpg'),
(108, 8, '2023-04-18', '836000', 4, 'Ini-Dia-Bukti-Transfer-Mandiri-Dari-ATM-mBanking-dan-Internet-Banking-Mandiri-13.jpg'),
(109, 3, '2023-04-19', '1078000', 4, 'Ini-Dia-Bukti-Transfer-Mandiri-Dari-ATM-mBanking-dan-Internet-Banking-Mandiri-13.jpg'),
(110, 8, '2023-04-20', '759000', 4, 'Ini-Dia-Bukti-Transfer-Mandiri-Dari-ATM-mBanking-dan-Internet-Banking-Mandiri-13.jpg'),
(111, 5, '2023-04-21', '1089000', 4, 'Ini-Dia-Bukti-Transfer-Mandiri-Dari-ATM-mBanking-dan-Internet-Banking-Mandiri-13.jpg'),
(112, 6, '2023-04-22', '660000', 4, 'Ini-Dia-Bukti-Transfer-Mandiri-Dari-ATM-mBanking-dan-Internet-Banking-Mandiri-13.jpg'),
(113, 2, '2023-04-23', '550000', 4, 'Ini-Dia-Bukti-Transfer-Mandiri-Dari-ATM-mBanking-dan-Internet-Banking-Mandiri-13.jpg'),
(114, 6, '2023-04-24', '814000', 4, 'Ini-Dia-Bukti-Transfer-Mandiri-Dari-ATM-mBanking-dan-Internet-Banking-Mandiri-13.jpg'),
(115, 1, '2023-04-25', '726000', 4, 'Ini-Dia-Bukti-Transfer-Mandiri-Dari-ATM-mBanking-dan-Internet-Banking-Mandiri-13.jpg'),
(116, 10, '2023-04-26', '891000', 4, 'Ini-Dia-Bukti-Transfer-Mandiri-Dari-ATM-mBanking-dan-Internet-Banking-Mandiri-13.jpg'),
(117, 5, '2023-04-27', '913000', 4, 'Ini-Dia-Bukti-Transfer-Mandiri-Dari-ATM-mBanking-dan-Internet-Banking-Mandiri-13.jpg'),
(118, 8, '2023-04-28', '627000', 4, 'Ini-Dia-Bukti-Transfer-Mandiri-Dari-ATM-mBanking-dan-Internet-Banking-Mandiri-13.jpg'),
(119, 7, '2023-04-29', '700000', 4, 'Ini-Dia-Bukti-Transfer-Mandiri-Dari-ATM-mBanking-dan-Internet-Banking-Mandiri-13.jpg'),
(120, 8, '2023-04-30', '750000', 4, 'Ini-Dia-Bukti-Transfer-Mandiri-Dari-ATM-mBanking-dan-Internet-Banking-Mandiri-13.jpg'),
(121, 6, '2023-05-01', '1012000', 4, 'Ini-Dia-Bukti-Transfer-Mandiri-Dari-ATM-mBanking-dan-Internet-Banking-Mandiri-13.jpg'),
(122, 4, '2023-05-02', '920000', 4, 'Ini-Dia-Bukti-Transfer-Mandiri-Dari-ATM-mBanking-dan-Internet-Banking-Mandiri-13.jpg'),
(123, 8, '2023-05-03', '750000', 4, 'Ini-Dia-Bukti-Transfer-Mandiri-Dari-ATM-mBanking-dan-Internet-Banking-Mandiri-13.jpg'),
(124, 2, '2023-05-04', '900000', 4, 'Ini-Dia-Bukti-Transfer-Mandiri-Dari-ATM-mBanking-dan-Internet-Banking-Mandiri-13.jpg'),
(125, 7, '2023-05-05', '687500', 4, 'Ini-Dia-Bukti-Transfer-Mandiri-Dari-ATM-mBanking-dan-Internet-Banking-Mandiri-13.jpg'),
(126, 7, '2023-05-06', '638000', 4, 'Ini-Dia-Bukti-Transfer-Mandiri-Dari-ATM-mBanking-dan-Internet-Banking-Mandiri-13.jpg'),
(127, 5, '2023-05-07', '912500', 4, 'Ini-Dia-Bukti-Transfer-Mandiri-Dari-ATM-mBanking-dan-Internet-Banking-Mandiri-13.jpg'),
(128, 10, '2023-05-08', '638000', 4, 'Ini-Dia-Bukti-Transfer-Mandiri-Dari-ATM-mBanking-dan-Internet-Banking-Mandiri-13.jpg'),
(129, 7, '2023-05-09', '610000', 4, 'Ini-Dia-Bukti-Transfer-Mandiri-Dari-ATM-mBanking-dan-Internet-Banking-Mandiri-13.jpg'),
(130, 8, '2023-05-10', '1025000', 4, 'Ini-Dia-Bukti-Transfer-Mandiri-Dari-ATM-mBanking-dan-Internet-Banking-Mandiri-13.jpg'),
(131, 9, '2023-05-11', '520000', 4, 'Ini-Dia-Bukti-Transfer-Mandiri-Dari-ATM-mBanking-dan-Internet-Banking-Mandiri-13.jpg'),
(132, 9, '2023-05-12', '583000', 4, 'Ini-Dia-Bukti-Transfer-Mandiri-Dari-ATM-mBanking-dan-Internet-Banking-Mandiri-13.jpg'),
(133, 4, '2023-05-13', '748000', 4, 'Ini-Dia-Bukti-Transfer-Mandiri-Dari-ATM-mBanking-dan-Internet-Banking-Mandiri-13.jpg'),
(134, 7, '2023-05-14', '762500', 4, 'Ini-Dia-Bukti-Transfer-Mandiri-Dari-ATM-mBanking-dan-Internet-Banking-Mandiri-13.jpg'),
(135, 9, '2023-05-15', '1087500', 4, 'Ini-Dia-Bukti-Transfer-Mandiri-Dari-ATM-mBanking-dan-Internet-Banking-Mandiri-13.jpg'),
(136, 10, '2023-05-16', '1125000', 4, 'Ini-Dia-Bukti-Transfer-Mandiri-Dari-ATM-mBanking-dan-Internet-Banking-Mandiri-13.jpg'),
(137, 7, '2023-05-17', '935000', 4, 'Ini-Dia-Bukti-Transfer-Mandiri-Dari-ATM-mBanking-dan-Internet-Banking-Mandiri-13.jpg'),
(138, 7, '2023-05-18', '737000', 4, 'Ini-Dia-Bukti-Transfer-Mandiri-Dari-ATM-mBanking-dan-Internet-Banking-Mandiri-13.jpg'),
(139, 1, '2023-05-19', '630000', 4, 'Ini-Dia-Bukti-Transfer-Mandiri-Dari-ATM-mBanking-dan-Internet-Banking-Mandiri-13.jpg'),
(140, 8, '2023-05-20', '500000', 4, 'Ini-Dia-Bukti-Transfer-Mandiri-Dari-ATM-mBanking-dan-Internet-Banking-Mandiri-13.jpg'),
(141, 9, '2023-05-21', '1037500', 4, 'Ini-Dia-Bukti-Transfer-Mandiri-Dari-ATM-mBanking-dan-Internet-Banking-Mandiri-13.jpg'),
(142, 7, '2023-05-22', '680000', 4, 'Ini-Dia-Bukti-Transfer-Mandiri-Dari-ATM-mBanking-dan-Internet-Banking-Mandiri-13.jpg'),
(143, 10, '2023-05-23', '700000', 4, 'Ini-Dia-Bukti-Transfer-Mandiri-Dari-ATM-mBanking-dan-Internet-Banking-Mandiri-13.jpg'),
(144, 5, '2023-05-24', '510000', 4, 'Ini-Dia-Bukti-Transfer-Mandiri-Dari-ATM-mBanking-dan-Internet-Banking-Mandiri-13.jpg'),
(145, 1, '2023-05-25', '1045000', 4, 'Ini-Dia-Bukti-Transfer-Mandiri-Dari-ATM-mBanking-dan-Internet-Banking-Mandiri-13.jpg'),
(146, 5, '2023-05-26', '924000', 4, 'Ini-Dia-Bukti-Transfer-Mandiri-Dari-ATM-mBanking-dan-Internet-Banking-Mandiri-13.jpg'),
(147, 2, '2023-05-27', '935000', 4, 'Ini-Dia-Bukti-Transfer-Mandiri-Dari-ATM-mBanking-dan-Internet-Banking-Mandiri-13.jpg'),
(148, 5, '2023-05-28', '700000', 4, 'Ini-Dia-Bukti-Transfer-Mandiri-Dari-ATM-mBanking-dan-Internet-Banking-Mandiri-13.jpg'),
(149, 5, '2023-05-29', '1212500', 4, 'Ini-Dia-Bukti-Transfer-Mandiri-Dari-ATM-mBanking-dan-Internet-Banking-Mandiri-13.jpg'),
(150, 9, '2023-05-30', '847000', 4, 'Ini-Dia-Bukti-Transfer-Mandiri-Dari-ATM-mBanking-dan-Internet-Banking-Mandiri-13.jpg'),
(151, 10, '2023-05-31', '748000', 4, 'Ini-Dia-Bukti-Transfer-Mandiri-Dari-ATM-mBanking-dan-Internet-Banking-Mandiri-13.jpg'),
(152, 2, '2023-06-01', '803000', 4, 'Ini-Dia-Bukti-Transfer-Mandiri-Dari-ATM-mBanking-dan-Internet-Banking-Mandiri-13.jpg'),
(153, 10, '2023-06-02', '748000', 4, 'Ini-Dia-Bukti-Transfer-Mandiri-Dari-ATM-mBanking-dan-Internet-Banking-Mandiri-13.jpg'),
(154, 7, '2023-06-03', '759000', 4, 'Ini-Dia-Bukti-Transfer-Mandiri-Dari-ATM-mBanking-dan-Internet-Banking-Mandiri-13.jpg'),
(155, 7, '2023-06-04', '957000', 4, 'Ini-Dia-Bukti-Transfer-Mandiri-Dari-ATM-mBanking-dan-Internet-Banking-Mandiri-13.jpg'),
(156, 2, '2023-06-05', '970000', 4, 'Ini-Dia-Bukti-Transfer-Mandiri-Dari-ATM-mBanking-dan-Internet-Banking-Mandiri-13.jpg'),
(157, 9, '2023-06-06', '590000', 4, 'Ini-Dia-Bukti-Transfer-Mandiri-Dari-ATM-mBanking-dan-Internet-Banking-Mandiri-13.jpg'),
(158, 5, '2023-06-07', '935000', 4, 'Ini-Dia-Bukti-Transfer-Mandiri-Dari-ATM-mBanking-dan-Internet-Banking-Mandiri-13.jpg'),
(159, 8, '2023-06-08', '1078000', 4, 'Ini-Dia-Bukti-Transfer-Mandiri-Dari-ATM-mBanking-dan-Internet-Banking-Mandiri-13.jpg'),
(160, 5, '2023-06-09', '925000', 4, 'Ini-Dia-Bukti-Transfer-Mandiri-Dari-ATM-mBanking-dan-Internet-Banking-Mandiri-13.jpg'),
(161, 9, '2023-06-10', '520000', 4, 'Ini-Dia-Bukti-Transfer-Mandiri-Dari-ATM-mBanking-dan-Internet-Banking-Mandiri-13.jpg'),
(162, 8, '2023-06-11', '715000', 4, 'Ini-Dia-Bukti-Transfer-Mandiri-Dari-ATM-mBanking-dan-Internet-Banking-Mandiri-13.jpg'),
(163, 6, '2023-06-12', '700000', 4, 'Ini-Dia-Bukti-Transfer-Mandiri-Dari-ATM-mBanking-dan-Internet-Banking-Mandiri-13.jpg'),
(164, 9, '2023-06-13', '800000', 4, 'Ini-Dia-Bukti-Transfer-Mandiri-Dari-ATM-mBanking-dan-Internet-Banking-Mandiri-13.jpg'),
(165, 9, '2023-06-14', '550000', 4, 'Ini-Dia-Bukti-Transfer-Mandiri-Dari-ATM-mBanking-dan-Internet-Banking-Mandiri-13.jpg'),
(166, 4, '2023-06-15', '803000', 4, 'Ini-Dia-Bukti-Transfer-Mandiri-Dari-ATM-mBanking-dan-Internet-Banking-Mandiri-13.jpg'),
(167, 3, '2023-06-16', '1056000', 4, 'Ini-Dia-Bukti-Transfer-Mandiri-Dari-ATM-mBanking-dan-Internet-Banking-Mandiri-13.jpg'),
(168, 5, '2023-06-17', '968000', 4, 'Ini-Dia-Bukti-Transfer-Mandiri-Dari-ATM-mBanking-dan-Internet-Banking-Mandiri-13.jpg'),
(169, 7, '2023-06-18', '682000', 4, 'Ini-Dia-Bukti-Transfer-Mandiri-Dari-ATM-mBanking-dan-Internet-Banking-Mandiri-13.jpg'),
(170, 10, '2023-06-19', '1056000', 4, 'Ini-Dia-Bukti-Transfer-Mandiri-Dari-ATM-mBanking-dan-Internet-Banking-Mandiri-13.jpg'),
(171, 4, '2023-06-20', '1000000', 4, 'Ini-Dia-Bukti-Transfer-Mandiri-Dari-ATM-mBanking-dan-Internet-Banking-Mandiri-13.jpg'),
(172, 3, '2023-06-21', '770000', 4, 'Ini-Dia-Bukti-Transfer-Mandiri-Dari-ATM-mBanking-dan-Internet-Banking-Mandiri-13.jpg'),
(173, 3, '2023-06-22', '1000000', 4, 'Ini-Dia-Bukti-Transfer-Mandiri-Dari-ATM-mBanking-dan-Internet-Banking-Mandiri-13.jpg'),
(174, 6, '2023-06-23', '957000', 4, 'Ini-Dia-Bukti-Transfer-Mandiri-Dari-ATM-mBanking-dan-Internet-Banking-Mandiri-13.jpg'),
(175, 4, '2023-06-24', '792000', 4, 'Ini-Dia-Bukti-Transfer-Mandiri-Dari-ATM-mBanking-dan-Internet-Banking-Mandiri-13.jpg'),
(176, 1, '2023-06-25', '790000', 4, 'Ini-Dia-Bukti-Transfer-Mandiri-Dari-ATM-mBanking-dan-Internet-Banking-Mandiri-13.jpg'),
(177, 4, '2023-06-26', '858000', 4, 'Ini-Dia-Bukti-Transfer-Mandiri-Dari-ATM-mBanking-dan-Internet-Banking-Mandiri-13.jpg'),
(178, 3, '2023-06-27', '935000', 4, 'Ini-Dia-Bukti-Transfer-Mandiri-Dari-ATM-mBanking-dan-Internet-Banking-Mandiri-13.jpg'),
(179, 2, '2023-06-28', '638000', 4, 'Ini-Dia-Bukti-Transfer-Mandiri-Dari-ATM-mBanking-dan-Internet-Banking-Mandiri-13.jpg'),
(180, 6, '2023-06-29', '880000', 4, 'Ini-Dia-Bukti-Transfer-Mandiri-Dari-ATM-mBanking-dan-Internet-Banking-Mandiri-13.jpg'),
(181, 5, '2023-06-30', '682000', 4, 'Ini-Dia-Bukti-Transfer-Mandiri-Dari-ATM-mBanking-dan-Internet-Banking-Mandiri-13.jpg'),
(182, 8, '2023-07-01', '750000', 4, 'Ini-Dia-Bukti-Transfer-Mandiri-Dari-ATM-mBanking-dan-Internet-Banking-Mandiri-13.jpg'),
(183, 3, '2023-07-02', '970000', 4, 'Ini-Dia-Bukti-Transfer-Mandiri-Dari-ATM-mBanking-dan-Internet-Banking-Mandiri-13.jpg'),
(184, 8, '2023-07-03', '730000', 4, 'Ini-Dia-Bukti-Transfer-Mandiri-Dari-ATM-mBanking-dan-Internet-Banking-Mandiri-13.jpg'),
(185, 7, '2023-07-04', '510000', 4, 'Ini-Dia-Bukti-Transfer-Mandiri-Dari-ATM-mBanking-dan-Internet-Banking-Mandiri-13.jpg'),
(186, 5, '2023-07-05', '500000', 4, 'Ini-Dia-Bukti-Transfer-Mandiri-Dari-ATM-mBanking-dan-Internet-Banking-Mandiri-13.jpg'),
(187, 4, '2023-07-06', '561000', 4, 'Ini-Dia-Bukti-Transfer-Mandiri-Dari-ATM-mBanking-dan-Internet-Banking-Mandiri-13.jpg'),
(188, 4, '2023-07-07', '825000', 4, 'Ini-Dia-Bukti-Transfer-Mandiri-Dari-ATM-mBanking-dan-Internet-Banking-Mandiri-13.jpg'),
(189, 7, '2023-07-08', '891000', 4, 'Ini-Dia-Bukti-Transfer-Mandiri-Dari-ATM-mBanking-dan-Internet-Banking-Mandiri-13.jpg'),
(190, 6, '2023-07-09', '800000', 4, 'Ini-Dia-Bukti-Transfer-Mandiri-Dari-ATM-mBanking-dan-Internet-Banking-Mandiri-13.jpg'),
(191, 4, '2023-07-10', '570000', 4, 'Ini-Dia-Bukti-Transfer-Mandiri-Dari-ATM-mBanking-dan-Internet-Banking-Mandiri-13.jpg'),
(192, 3, '2023-07-11', '1175000', 4, 'Ini-Dia-Bukti-Transfer-Mandiri-Dari-ATM-mBanking-dan-Internet-Banking-Mandiri-13.jpg'),
(193, 1, '2023-07-12', '638000', 4, 'Ini-Dia-Bukti-Transfer-Mandiri-Dari-ATM-mBanking-dan-Internet-Banking-Mandiri-13.jpg'),
(194, 5, '2023-07-13', '812500', 4, 'Ini-Dia-Bukti-Transfer-Mandiri-Dari-ATM-mBanking-dan-Internet-Banking-Mandiri-13.jpg'),
(195, 7, '2023-07-14', '787500', 4, 'Ini-Dia-Bukti-Transfer-Mandiri-Dari-ATM-mBanking-dan-Internet-Banking-Mandiri-13.jpg'),
(196, 8, '2023-07-15', '820000', 4, 'Ini-Dia-Bukti-Transfer-Mandiri-Dari-ATM-mBanking-dan-Internet-Banking-Mandiri-13.jpg'),
(197, 3, '2023-07-16', '1075000', 4, 'Ini-Dia-Bukti-Transfer-Mandiri-Dari-ATM-mBanking-dan-Internet-Banking-Mandiri-13.jpg'),
(198, 5, '2023-07-17', '990000', 4, 'Ini-Dia-Bukti-Transfer-Mandiri-Dari-ATM-mBanking-dan-Internet-Banking-Mandiri-13.jpg'),
(199, 7, '2023-07-18', '803000', 4, 'Ini-Dia-Bukti-Transfer-Mandiri-Dari-ATM-mBanking-dan-Internet-Banking-Mandiri-13.jpg'),
(200, 10, '2023-07-19', '1012000', 4, 'Ini-Dia-Bukti-Transfer-Mandiri-Dari-ATM-mBanking-dan-Internet-Banking-Mandiri-13.jpg'),
(201, 10, '2023-07-20', '671000', 4, 'Ini-Dia-Bukti-Transfer-Mandiri-Dari-ATM-mBanking-dan-Internet-Banking-Mandiri-13.jpg'),
(202, 5, '2023-07-21', '650000', 4, 'Ini-Dia-Bukti-Transfer-Mandiri-Dari-ATM-mBanking-dan-Internet-Banking-Mandiri-13.jpg'),
(203, 3, '2023-07-22', '726000', 4, 'Ini-Dia-Bukti-Transfer-Mandiri-Dari-ATM-mBanking-dan-Internet-Banking-Mandiri-13.jpg'),
(204, 4, '2023-07-23', '962500', 4, 'Ini-Dia-Bukti-Transfer-Mandiri-Dari-ATM-mBanking-dan-Internet-Banking-Mandiri-13.jpg'),
(205, 5, '2023-07-24', '803000', 4, 'Ini-Dia-Bukti-Transfer-Mandiri-Dari-ATM-mBanking-dan-Internet-Banking-Mandiri-13.jpg'),
(206, 7, '2023-07-25', '800000', 4, 'Ini-Dia-Bukti-Transfer-Mandiri-Dari-ATM-mBanking-dan-Internet-Banking-Mandiri-13.jpg'),
(207, 6, '2023-07-26', '781000', 4, 'Ini-Dia-Bukti-Transfer-Mandiri-Dari-ATM-mBanking-dan-Internet-Banking-Mandiri-13.jpg'),
(208, 2, '2023-07-27', '570000', 4, 'Ini-Dia-Bukti-Transfer-Mandiri-Dari-ATM-mBanking-dan-Internet-Banking-Mandiri-13.jpg'),
(209, 7, '2023-07-28', '715000', 4, 'Ini-Dia-Bukti-Transfer-Mandiri-Dari-ATM-mBanking-dan-Internet-Banking-Mandiri-13.jpg'),
(210, 5, '2023-07-29', '730000', 4, 'Ini-Dia-Bukti-Transfer-Mandiri-Dari-ATM-mBanking-dan-Internet-Banking-Mandiri-13.jpg'),
(211, 10, '2023-07-30', '650000', 4, 'Ini-Dia-Bukti-Transfer-Mandiri-Dari-ATM-mBanking-dan-Internet-Banking-Mandiri-13.jpg'),
(212, 8, '2023-07-31', '650000', 4, 'Ini-Dia-Bukti-Transfer-Mandiri-Dari-ATM-mBanking-dan-Internet-Banking-Mandiri-13.jpg'),
(213, 7, '2023-08-01', '836000', 4, 'Ini-Dia-Bukti-Transfer-Mandiri-Dari-ATM-mBanking-dan-Internet-Banking-Mandiri-13.jpg'),
(214, 5, '2023-08-02', '1045000', 4, 'Ini-Dia-Bukti-Transfer-Mandiri-Dari-ATM-mBanking-dan-Internet-Banking-Mandiri-13.jpg'),
(215, 3, '2023-08-03', '1000000', 4, 'Ini-Dia-Bukti-Transfer-Mandiri-Dari-ATM-mBanking-dan-Internet-Banking-Mandiri-13.jpg'),
(216, 8, '2023-08-04', '924000', 4, 'Ini-Dia-Bukti-Transfer-Mandiri-Dari-ATM-mBanking-dan-Internet-Banking-Mandiri-13.jpg'),
(217, 2, '2023-08-05', '1150000', 4, 'Ini-Dia-Bukti-Transfer-Mandiri-Dari-ATM-mBanking-dan-Internet-Banking-Mandiri-13.jpg'),
(218, 3, '2023-08-06', '710000', 4, 'Ini-Dia-Bukti-Transfer-Mandiri-Dari-ATM-mBanking-dan-Internet-Banking-Mandiri-13.jpg'),
(219, 3, '2023-08-07', '600000', 4, 'Ini-Dia-Bukti-Transfer-Mandiri-Dari-ATM-mBanking-dan-Internet-Banking-Mandiri-13.jpg'),
(220, 4, '2023-08-08', '649000', 4, 'Ini-Dia-Bukti-Transfer-Mandiri-Dari-ATM-mBanking-dan-Internet-Banking-Mandiri-13.jpg'),
(221, 5, '2023-08-09', '825000', 4, 'Ini-Dia-Bukti-Transfer-Mandiri-Dari-ATM-mBanking-dan-Internet-Banking-Mandiri-13.jpg'),
(222, 4, '2023-08-10', '990000', 4, 'Ini-Dia-Bukti-Transfer-Mandiri-Dari-ATM-mBanking-dan-Internet-Banking-Mandiri-13.jpg'),
(223, 5, '2023-08-11', '913000', 4, 'Ini-Dia-Bukti-Transfer-Mandiri-Dari-ATM-mBanking-dan-Internet-Banking-Mandiri-13.jpg'),
(224, 3, '2023-08-12', '913000', 4, 'Ini-Dia-Bukti-Transfer-Mandiri-Dari-ATM-mBanking-dan-Internet-Banking-Mandiri-13.jpg'),
(225, 10, '2023-08-13', '1001000', 4, 'Ini-Dia-Bukti-Transfer-Mandiri-Dari-ATM-mBanking-dan-Internet-Banking-Mandiri-13.jpg'),
(226, 2, '2023-08-14', '1075000', 4, 'Ini-Dia-Bukti-Transfer-Mandiri-Dari-ATM-mBanking-dan-Internet-Banking-Mandiri-13.jpg'),
(227, 9, '2023-08-15', '900000', 4, 'Ini-Dia-Bukti-Transfer-Mandiri-Dari-ATM-mBanking-dan-Internet-Banking-Mandiri-13.jpg'),
(228, 8, '2023-08-16', '759000', 4, 'Ini-Dia-Bukti-Transfer-Mandiri-Dari-ATM-mBanking-dan-Internet-Banking-Mandiri-13.jpg'),
(229, 10, '2023-08-17', '500000', 4, 'Ini-Dia-Bukti-Transfer-Mandiri-Dari-ATM-mBanking-dan-Internet-Banking-Mandiri-13.jpg'),
(230, 1, '2023-08-18', '530000', 4, 'Ini-Dia-Bukti-Transfer-Mandiri-Dari-ATM-mBanking-dan-Internet-Banking-Mandiri-13.jpg'),
(231, 3, '2023-08-19', '847000', 4, 'Ini-Dia-Bukti-Transfer-Mandiri-Dari-ATM-mBanking-dan-Internet-Banking-Mandiri-13.jpg'),
(232, 1, '2023-08-20', '1034000', 4, 'Ini-Dia-Bukti-Transfer-Mandiri-Dari-ATM-mBanking-dan-Internet-Banking-Mandiri-13.jpg'),
(233, 3, '2023-08-21', '975000', 4, 'Ini-Dia-Bukti-Transfer-Mandiri-Dari-ATM-mBanking-dan-Internet-Banking-Mandiri-13.jpg'),
(234, 2, '2023-08-22', '787500', 4, 'Ini-Dia-Bukti-Transfer-Mandiri-Dari-ATM-mBanking-dan-Internet-Banking-Mandiri-13.jpg'),
(235, 4, '2023-08-23', '968000', 4, 'Ini-Dia-Bukti-Transfer-Mandiri-Dari-ATM-mBanking-dan-Internet-Banking-Mandiri-13.jpg'),
(236, 4, '2023-08-24', '760000', 4, 'Ini-Dia-Bukti-Transfer-Mandiri-Dari-ATM-mBanking-dan-Internet-Banking-Mandiri-13.jpg'),
(237, 1, '2023-08-25', '1250000', 4, 'Ini-Dia-Bukti-Transfer-Mandiri-Dari-ATM-mBanking-dan-Internet-Banking-Mandiri-13.jpg'),
(238, 7, '2023-08-26', '862500', 4, 'Ini-Dia-Bukti-Transfer-Mandiri-Dari-ATM-mBanking-dan-Internet-Banking-Mandiri-13.jpg'),
(239, 8, '2023-08-27', '880000', 4, 'Ini-Dia-Bukti-Transfer-Mandiri-Dari-ATM-mBanking-dan-Internet-Banking-Mandiri-13.jpg'),
(240, 2, '2023-08-28', '594000', 4, 'Ini-Dia-Bukti-Transfer-Mandiri-Dari-ATM-mBanking-dan-Internet-Banking-Mandiri-13.jpg'),
(241, 3, '2023-08-29', '550000', 4, 'Ini-Dia-Bukti-Transfer-Mandiri-Dari-ATM-mBanking-dan-Internet-Banking-Mandiri-13.jpg'),
(242, 5, '2023-08-30', '825000', 4, 'Ini-Dia-Bukti-Transfer-Mandiri-Dari-ATM-mBanking-dan-Internet-Banking-Mandiri-13.jpg'),
(243, 8, '2023-08-31', '520000', 4, 'Ini-Dia-Bukti-Transfer-Mandiri-Dari-ATM-mBanking-dan-Internet-Banking-Mandiri-13.jpg'),
(244, 7, '2023-09-01', '1012000', 4, 'Ini-Dia-Bukti-Transfer-Mandiri-Dari-ATM-mBanking-dan-Internet-Banking-Mandiri-13.jpg'),
(245, 3, '2023-09-02', '616000', 4, 'Ini-Dia-Bukti-Transfer-Mandiri-Dari-ATM-mBanking-dan-Internet-Banking-Mandiri-13.jpg'),
(246, 4, '2023-09-03', '650000', 4, 'Ini-Dia-Bukti-Transfer-Mandiri-Dari-ATM-mBanking-dan-Internet-Banking-Mandiri-13.jpg'),
(247, 1, '2023-09-04', '712500', 4, 'Ini-Dia-Bukti-Transfer-Mandiri-Dari-ATM-mBanking-dan-Internet-Banking-Mandiri-13.jpg'),
(248, 3, '2023-09-05', '1000000', 4, 'Ini-Dia-Bukti-Transfer-Mandiri-Dari-ATM-mBanking-dan-Internet-Banking-Mandiri-13.jpg'),
(249, 7, '2023-09-06', '725000', 4, 'Ini-Dia-Bukti-Transfer-Mandiri-Dari-ATM-mBanking-dan-Internet-Banking-Mandiri-13.jpg'),
(250, 10, '2023-09-07', '616000', 4, 'Ini-Dia-Bukti-Transfer-Mandiri-Dari-ATM-mBanking-dan-Internet-Banking-Mandiri-13.jpg'),
(251, 3, '2023-09-08', '930000', 4, 'Ini-Dia-Bukti-Transfer-Mandiri-Dari-ATM-mBanking-dan-Internet-Banking-Mandiri-13.jpg'),
(252, 3, '2023-09-09', '830000', 4, 'Ini-Dia-Bukti-Transfer-Mandiri-Dari-ATM-mBanking-dan-Internet-Banking-Mandiri-13.jpg'),
(253, 7, '2023-09-10', '725000', 4, 'Ini-Dia-Bukti-Transfer-Mandiri-Dari-ATM-mBanking-dan-Internet-Banking-Mandiri-13.jpg'),
(254, 2, '2023-09-11', '800000', 4, 'Ini-Dia-Bukti-Transfer-Mandiri-Dari-ATM-mBanking-dan-Internet-Banking-Mandiri-13.jpg'),
(255, 4, '2023-09-12', '671000', 4, 'Ini-Dia-Bukti-Transfer-Mandiri-Dari-ATM-mBanking-dan-Internet-Banking-Mandiri-13.jpg'),
(256, 4, '2023-09-13', '700000', 4, 'Ini-Dia-Bukti-Transfer-Mandiri-Dari-ATM-mBanking-dan-Internet-Banking-Mandiri-13.jpg'),
(257, 4, '2023-09-14', '1067000', 4, 'Ini-Dia-Bukti-Transfer-Mandiri-Dari-ATM-mBanking-dan-Internet-Banking-Mandiri-13.jpg'),
(258, 4, '2023-09-15', '561000', 4, 'Ini-Dia-Bukti-Transfer-Mandiri-Dari-ATM-mBanking-dan-Internet-Banking-Mandiri-13.jpg'),
(259, 2, '2023-09-16', '520000', 4, 'Ini-Dia-Bukti-Transfer-Mandiri-Dari-ATM-mBanking-dan-Internet-Banking-Mandiri-13.jpg'),
(260, 10, '2023-09-17', '671000', 4, 'Ini-Dia-Bukti-Transfer-Mandiri-Dari-ATM-mBanking-dan-Internet-Banking-Mandiri-13.jpg'),
(261, 8, '2023-09-18', '693000', 4, 'Ini-Dia-Bukti-Transfer-Mandiri-Dari-ATM-mBanking-dan-Internet-Banking-Mandiri-13.jpg'),
(262, 6, '2023-09-19', '940000', 4, 'Ini-Dia-Bukti-Transfer-Mandiri-Dari-ATM-mBanking-dan-Internet-Banking-Mandiri-13.jpg'),
(263, 5, '2023-09-20', '670000', 4, 'Ini-Dia-Bukti-Transfer-Mandiri-Dari-ATM-mBanking-dan-Internet-Banking-Mandiri-13.jpg'),
(264, 5, '2023-09-21', '748000', 4, 'Ini-Dia-Bukti-Transfer-Mandiri-Dari-ATM-mBanking-dan-Internet-Banking-Mandiri-13.jpg'),
(265, 9, '2023-09-22', '935000', 4, 'Ini-Dia-Bukti-Transfer-Mandiri-Dari-ATM-mBanking-dan-Internet-Banking-Mandiri-13.jpg'),
(266, 3, '2023-09-23', '946000', 4, 'Ini-Dia-Bukti-Transfer-Mandiri-Dari-ATM-mBanking-dan-Internet-Banking-Mandiri-13.jpg'),
(267, 4, '2023-09-24', '1100000', 4, 'Ini-Dia-Bukti-Transfer-Mandiri-Dari-ATM-mBanking-dan-Internet-Banking-Mandiri-13.jpg'),
(268, 9, '2023-09-25', '620000', 4, 'Ini-Dia-Bukti-Transfer-Mandiri-Dari-ATM-mBanking-dan-Internet-Banking-Mandiri-13.jpg'),
(269, 9, '2023-09-26', '650000', 4, 'Ini-Dia-Bukti-Transfer-Mandiri-Dari-ATM-mBanking-dan-Internet-Banking-Mandiri-13.jpg'),
(270, 8, '2023-09-27', '726000', 4, 'Ini-Dia-Bukti-Transfer-Mandiri-Dari-ATM-mBanking-dan-Internet-Banking-Mandiri-13.jpg'),
(271, 9, '2023-09-28', '560000', 4, 'Ini-Dia-Bukti-Transfer-Mandiri-Dari-ATM-mBanking-dan-Internet-Banking-Mandiri-13.jpg'),
(272, 6, '2023-09-29', '1112500', 4, 'Ini-Dia-Bukti-Transfer-Mandiri-Dari-ATM-mBanking-dan-Internet-Banking-Mandiri-13.jpg'),
(273, 7, '2023-09-30', '869000', 4, 'Ini-Dia-Bukti-Transfer-Mandiri-Dari-ATM-mBanking-dan-Internet-Banking-Mandiri-13.jpg'),
(274, 4, '2023-10-01', '1150000', 4, 'Ini-Dia-Bukti-Transfer-Mandiri-Dari-ATM-mBanking-dan-Internet-Banking-Mandiri-13.jpg'),
(275, 8, '2023-10-02', '968000', 4, 'Ini-Dia-Bukti-Transfer-Mandiri-Dari-ATM-mBanking-dan-Internet-Banking-Mandiri-13.jpg'),
(276, 10, '2023-10-03', '610000', 4, 'Ini-Dia-Bukti-Transfer-Mandiri-Dari-ATM-mBanking-dan-Internet-Banking-Mandiri-13.jpg'),
(277, 1, '2023-10-04', '940000', 4, 'Ini-Dia-Bukti-Transfer-Mandiri-Dari-ATM-mBanking-dan-Internet-Banking-Mandiri-13.jpg'),
(278, 3, '2023-10-05', '630000', 4, 'Ini-Dia-Bukti-Transfer-Mandiri-Dari-ATM-mBanking-dan-Internet-Banking-Mandiri-13.jpg'),
(279, 1, '2023-10-06', '803000', 4, 'Ini-Dia-Bukti-Transfer-Mandiri-Dari-ATM-mBanking-dan-Internet-Banking-Mandiri-13.jpg'),
(280, 1, '2023-10-07', '740000', 4, 'Ini-Dia-Bukti-Transfer-Mandiri-Dari-ATM-mBanking-dan-Internet-Banking-Mandiri-13.jpg'),
(281, 2, '2023-10-08', '1089000', 4, 'Ini-Dia-Bukti-Transfer-Mandiri-Dari-ATM-mBanking-dan-Internet-Banking-Mandiri-13.jpg'),
(282, 4, '2023-10-09', '890000', 4, 'Ini-Dia-Bukti-Transfer-Mandiri-Dari-ATM-mBanking-dan-Internet-Banking-Mandiri-13.jpg'),
(283, 1, '2023-10-10', '980000', 4, 'Ini-Dia-Bukti-Transfer-Mandiri-Dari-ATM-mBanking-dan-Internet-Banking-Mandiri-13.jpg'),
(284, 2, '2023-10-11', '869000', 4, 'Ini-Dia-Bukti-Transfer-Mandiri-Dari-ATM-mBanking-dan-Internet-Banking-Mandiri-13.jpg'),
(285, 9, '2023-10-12', '737000', 4, 'Ini-Dia-Bukti-Transfer-Mandiri-Dari-ATM-mBanking-dan-Internet-Banking-Mandiri-13.jpg'),
(286, 8, '2023-10-13', '730000', 4, 'Ini-Dia-Bukti-Transfer-Mandiri-Dari-ATM-mBanking-dan-Internet-Banking-Mandiri-13.jpg'),
(287, 9, '2023-10-14', '924000', 4, 'Ini-Dia-Bukti-Transfer-Mandiri-Dari-ATM-mBanking-dan-Internet-Banking-Mandiri-13.jpg'),
(288, 3, '2023-10-15', '990000', 4, 'Ini-Dia-Bukti-Transfer-Mandiri-Dari-ATM-mBanking-dan-Internet-Banking-Mandiri-13.jpg'),
(289, 8, '2023-10-16', '605000', 4, 'Ini-Dia-Bukti-Transfer-Mandiri-Dari-ATM-mBanking-dan-Internet-Banking-Mandiri-13.jpg'),
(290, 1, '2023-10-17', '924000', 4, 'Ini-Dia-Bukti-Transfer-Mandiri-Dari-ATM-mBanking-dan-Internet-Banking-Mandiri-13.jpg'),
(291, 2, '2023-10-18', '561000', 4, 'Ini-Dia-Bukti-Transfer-Mandiri-Dari-ATM-mBanking-dan-Internet-Banking-Mandiri-13.jpg'),
(292, 8, '2023-10-19', '962500', 4, 'Ini-Dia-Bukti-Transfer-Mandiri-Dari-ATM-mBanking-dan-Internet-Banking-Mandiri-13.jpg'),
(293, 9, '2023-10-20', '675000', 4, 'Ini-Dia-Bukti-Transfer-Mandiri-Dari-ATM-mBanking-dan-Internet-Banking-Mandiri-13.jpg'),
(294, 3, '2023-10-21', '1067000', 4, 'Ini-Dia-Bukti-Transfer-Mandiri-Dari-ATM-mBanking-dan-Internet-Banking-Mandiri-13.jpg'),
(295, 10, '2023-10-22', '930000', 4, 'Ini-Dia-Bukti-Transfer-Mandiri-Dari-ATM-mBanking-dan-Internet-Banking-Mandiri-13.jpg'),
(296, 6, '2023-10-23', '1012000', 4, 'Ini-Dia-Bukti-Transfer-Mandiri-Dari-ATM-mBanking-dan-Internet-Banking-Mandiri-13.jpg'),
(297, 3, '2023-10-24', '638000', 4, 'Ini-Dia-Bukti-Transfer-Mandiri-Dari-ATM-mBanking-dan-Internet-Banking-Mandiri-13.jpg');

-- --------------------------------------------------------

--
-- Table structure for table `user`
--

CREATE TABLE `user` (
  `id_user` int(11) NOT NULL,
  `nama_user` varchar(125) NOT NULL,
  `alamat` text NOT NULL,
  `no_tlpon` varchar(15) NOT NULL,
  `username` varchar(125) NOT NULL,
  `password` varchar(125) NOT NULL,
  `type_user` int(11) NOT NULL
) ENGINE=InnoDB DEFAULT CHARSET=latin1;

--
-- Dumping data for table `user`
--

INSERT INTO `user` (`id_user`, `nama_user`, `alamat`, `no_tlpon`, `username`, `password`, `type_user`) VALUES
(1, 'Tiara Hermanda', 'Kuningan, Jawa Barat', '089987654543', 'tiara', 'tiara', 2),
(2, 'Daeni Rismawati ', 'Kuningan, Jawa Barat', '087787656612', 'daeni', 'daeni', 2),
(3, 'Moh. Fiqih Erinsyah', 'Kuningan, Jawa Barat', '085112233245', 'fiqih', 'fiqih', 2),
(4, 'Tria istianah ', 'Kuningan, Jawa Barat', '089987444343', 'tria', 'tria', 2),
(5, 'Lisa Dewi M', 'Kuningan, Jawa Barat', '085667899912', 'lisa', 'lisa', 2),
(6, 'PUSPITA SARI', 'Kuningan, Jawa Barat', '087767781121', 'puspita', 'puspita', 2),
(7, 'Cicih Warniasih ', 'Kuningan, Jawa Barat', '085332444123', 'cicih', 'cicih', 2),
(8, 'Khaerum Anisa', 'Kuningan, Jawa Barat', '089987881245', 'anisa', 'anisa', 2),
(9, 'Tantrianti ', 'Kuningan, Jawa Barat', '086554323321', 'tantri', 'tantri', 2),
(10, 'Widiyanti ', 'Kuningan, Jawa Barat', '087665455328', 'widi', 'widi', 2),
(11, 'Admin', 'Kuningan, Jawa Barat', '087665455328', 'admin', 'admin', 1);

--
-- Indexes for dumped tables
--

--
-- Indexes for table `beras`
--
ALTER TABLE `beras`
  ADD PRIMARY KEY (`id_beras`);

--
-- Indexes for table `detail_pesan`
--
ALTER TABLE `detail_pesan`
  ADD PRIMARY KEY (`id_detail_pesan`);

--
-- Indexes for table `detail_transaksi`
--
ALTER TABLE `detail_transaksi`
  ADD PRIMARY KEY (`id_detail_transaksi`);

--
-- Indexes for table `padi`
--
ALTER TABLE `padi`
  ADD PRIMARY KEY (`id_padi`);

--
-- Indexes for table `pemesanan_padi`
--
ALTER TABLE `pemesanan_padi`
  ADD PRIMARY KEY (`id_pesan`);

--
-- Indexes for table `peramalan`
--
ALTER TABLE `peramalan`
  ADD PRIMARY KEY (`id_peramalan`);

--
-- Indexes for table `supplier`
--
ALTER TABLE `supplier`
  ADD PRIMARY KEY (`id_supplier`);

--
-- Indexes for table `transaksi_beras`
--
ALTER TABLE `transaksi_beras`
  ADD PRIMARY KEY (`id_transaksi`);

--
-- Indexes for table `user`
--
ALTER TABLE `user`
  ADD PRIMARY KEY (`id_user`);

--
-- AUTO_INCREMENT for dumped tables
--

--
-- AUTO_INCREMENT for table `beras`
--
ALTER TABLE `beras`
  MODIFY `id_beras` int(11) NOT NULL AUTO_INCREMENT, AUTO_INCREMENT=5;

--
-- AUTO_INCREMENT for table `detail_pesan`
--
ALTER TABLE `detail_pesan`
  MODIFY `id_detail_pesan` int(11) NOT NULL AUTO_INCREMENT, AUTO_INCREMENT=665;

--
-- AUTO_INCREMENT for table `detail_transaksi`
--
ALTER TABLE `detail_transaksi`
  MODIFY `id_detail_transaksi` int(11) NOT NULL AUTO_INCREMENT, AUTO_INCREMENT=298;

--
-- AUTO_INCREMENT for table `padi`
--
ALTER TABLE `padi`
  MODIFY `id_padi` int(11) NOT NULL AUTO_INCREMENT, AUTO_INCREMENT=5;

--
-- AUTO_INCREMENT for table `pemesanan_padi`
--
ALTER TABLE `pemesanan_padi`
  MODIFY `id_pesan` int(11) NOT NULL AUTO_INCREMENT, AUTO_INCREMENT=664;

--
-- AUTO_INCREMENT for table `peramalan`
--
ALTER TABLE `peramalan`
  MODIFY `id_peramalan` int(11) NOT NULL AUTO_INCREMENT;

--
-- AUTO_INCREMENT for table `supplier`
--
ALTER TABLE `supplier`
  MODIFY `id_supplier` int(11) NOT NULL AUTO_INCREMENT, AUTO_INCREMENT=7;

--
-- AUTO_INCREMENT for table `transaksi_beras`
--
ALTER TABLE `transaksi_beras`
  MODIFY `id_transaksi` int(11) NOT NULL AUTO_INCREMENT, AUTO_INCREMENT=298;

--
-- AUTO_INCREMENT for table `user`
--
ALTER TABLE `user`
  MODIFY `id_user` int(11) NOT NULL AUTO_INCREMENT, AUTO_INCREMENT=12;
COMMIT;

/*!40101 SET CHARACTER_SET_CLIENT=@OLD_CHARACTER_SET_CLIENT */;
/*!40101 SET CHARACTER_SET_RESULTS=@OLD_CHARACTER_SET_RESULTS */;
/*!40101 SET COLLATION_CONNECTION=@OLD_COLLATION_CONNECTION */;
